Latitude,Longitude
26.0703601,83.1808583
25.4299814,81.8610072
25.3088759,82.9993278
25.3092532,83.0026692
25.3387221,82.980089
25.3035592,82.9761299
25.3095133,82.9897179
25.4583316,81.8639091
25.4548525,81.8619289
25.4571147,81.8656686
25.4492569,81.8578098
25.4550626,81.8349598
25.2614529,82.9906851
25.2880028,83.0046032
26.5569604,82.6562059
26.5574714,82.6569801
25.3123734,83.0113542
25.3081571,83.0101627
25.4389955,81.8585493
25.2712044,82.9930809
25.30266,83.00726
25.3089017,83.007494
25.2881479,83.0044397
25.2894538,83.0061725
25.3084503,83.0103322
25.2884351,83.0038522
25.4943395,81.8624154
25.2784608,83.0055163
25.3082151,83.010145
25.2830628,83.0036434
25.2604996,82.9914058
25.3091913,83.0118591
25.2881316,83.0049416
25.3033262,83.0082942
25.3062179,83.0090205
25.288114,83.0016205
25.3035255,83.0081913
25.303328,83.0083173
25.2877021,83.0066154
25.2935693,83.0021214
25.4540569,81.8673507
25.4554516,81.8633732
25.4515721,81.8720321
25.4517357,81.8723434
25.4506044,81.8737826
25.4456327,81.8830037
25.4485167,81.8616121
25.4483036,81.8583077
25.4921714,81.8645434
25.305784,83.0072379
25.4547275,81.8334642
25.4571116,81.8352448
25.4524789,81.8369485
25.4065675,81.8679108
25.2634417,82.9817728
25.2584148,82.9867973
25.2631534,82.9867534
25.2635427,82.9816794
25.2656454,82.9888228
25.2639917,82.9841062
25.2635531,82.9837997
25.2635827,82.985313
25.46223,81.8408364
25.463838,81.859026
25.2640003,82.9842197
25.2813597,83.0032837
25.2634197,82.9817711
26.3117434,82.7330267
25.2604362,82.9816157
25.2630879,82.9904318
25.2631635,82.9848995
25.2630437,82.9832607
26.2533939,82.0709106
25.4554364,81.8346715
25.4526592,81.8340924
25.4504642,81.8363247
25.4500252,81.8346828
25.454238,81.834923
25.4638906,81.8685714
25.2972961,83.0010019
25.2974007,83.0012414
25.4395737,81.8601102
25.4308661,81.8696222
25.2962842,83.0001463
25.4509157,81.8738052
25.2890288,83.0037725
25.2996052,83.0012047
25.3067302,83.0093202
25.3356916,82.9778522
25.3359581,82.9771432
25.4494547,81.8396055
25.2800039,83.0030463
25.2820758,83.0032302
25.343571,82.996155
25.3375274,82.9961847
25.3119632,82.9883947
25.3164264,82.9897151
25.3165126,82.9900488
25.3166111,82.9901884
25.2909115,83.0016358
25.4562764,81.8719369
25.4546405,81.8748663
25.4555483,81.8736007
25.4560368,81.8637866
25.4516574,81.873604
25.451503,81.8740761
25.4501805,81.8746119
25.4644911,81.8497076
25.4631397,81.8514024
25.4499854,81.8594878
25.4571872,81.8562956
25.4547575,81.8348243
25.45035,81.8323071
25.4016604,81.8692986
25.4518973,81.8349147
25.4499169,81.8342057
25.436335,81.8340632
25.4364805,81.8340787
25.3986363,81.8740825
25.3985122,81.874378
25.4558061,81.8354896
25.4364995,81.8409951
25.4364808,81.8410678
25.4530143,81.8367566
25.4525146,81.836957
25.2609084,82.9869136
25.3797685,81.8461126
25.4646157,81.8665323
25.4641834,81.8653992
25.3940224,81.8609955
25.4368027,81.8228033
25.4520481,81.8351929
26.3510197,82.2292754
25.2630278,82.9833066
25.2626622,82.9816188
25.2622119,82.9816507
25.2643405,82.9816314
25.3665042,82.9302561
26.2753346,82.4711766
25.2606031,82.9869929
25.2607979,82.9869582
26.275178,82.4711322
25.46547,81.8715912
25.4638403,81.8655001
25.2616513,82.9840876
25.2629379,82.9817425
25.2628297,82.9817641
25.2611611,82.9816341
26.3117913,82.7310086
26.315143,82.7329784
26.313073,82.7366084
25.2594391,82.9816215
25.3357086,82.9774995
25.2590436,82.9813285
26.315057,82.7369626
26.315024,82.7399212
25.2606102,82.9915022
25.4555766,81.8340272
25.4555771,81.8340099
25.4320255,81.8224764
25.3358667,82.9771484
25.340922,82.996684
25.3482585,82.9941681
25.3739415,82.9179851
25.3736304,82.9188606
25.3683573,82.9275623
25.3695226,82.9255995
25.2620444,82.9838058
25.2616233,82.9841298
25.2611439,82.9838851
25.4510376,81.8737839
25.3437312,82.9957353
25.3255573,82.9925476
25.2904822,83.0018331
25.3040409,82.9771752
26.2746039,82.472006
25.4546929,81.8344152
25.2941407,83.0050673
25.311842,83.0109213
25.3099636,83.0071967
25.289353,83.0060414
25.2882184,83.0053907
25.2997186,83.001183
25.2963844,83.0038952
25.2886758,83.0039218
25.3084967,83.009266
25.3085405,83.0097158
25.4527005,81.8346442
25.4572438,81.8600908
25.4539899,81.8348188
25.3069623,83.0098553
25.3051585,83.0081148
25.3089237,83.0121258
26.3073222,83.0722656
26.6245265,83.3836093
25.309108,83.0122192
26.0698073,83.1809162
26.0699991,83.1809873
25.3049914,83.008162
25.3092903,83.0076598
25.3096482,83.0109745
25.3103371,83.0098353
25.2884268,83.0038878
24.9230633,81.6863035
25.3079671,83.0100512
25.3083577,83.0096147
25.29116,83.0043433
25.309354,83.0062499
25.2812969,83.0031147
25.2941027,83.0047932
25.3347023,82.9798741
25.2965602,82.4048177
25.289363,83.0056019
25.3042274,83.0075314
25.31117,83.0134979
25.2968027,83.0070471
25.2883186,83.0042819
25.2872587,83.005015
25.4513777,81.8738372
25.2787574,83.0025286
25.4244733,81.9549917
25.3081958,83.0111787
25.3133005,83.0046481
25.2881951,83.0052254
25.3090691,83.0023133
25.293813,83.0000413
25.3087471,83.0115043
25.4247331,81.9560108
25.3390821,82.979916
25.2813819,83.0032224
25.2623493,82.981643
25.3099294,82.9887763
25.3089162,82.9909262
25.3089194,82.9909466
25.3010722,82.9558356
25.3006423,82.9692811
25.284004,82.9693379
25.3070834,82.9919506
25.3119674,82.9867677
25.3055163,82.9810198
25.2777473,82.9672239
25.2866939,83.0017022
25.2789746,82.9987794
25.2802842,83.0026685
25.3182588,82.9916193
25.3211342,82.9911781
25.2877642,82.9692105
25.3058219,82.9859362
25.3113365,82.9892046
25.2903842,83.0018114
25.2932557,83.0024791
25.305214,82.9792966
25.3161738,82.9678179
25.4555483,81.8746979
25.4561013,81.8710948
25.4571289,81.8736109
25.4512381,81.8726547
25.2893311,82.9694725
25.4568659,81.8651072
25.448168,81.8612474
25.4498963,81.8626464
25.4587024,81.8568297
25.458673,81.8587279
25.4565644,81.8598892
25.2691284,82.9826179
25.26154,82.9814667
25.2947217,83.0001728
25.2950226,83.0005599
25.2949796,83.0006753
25.2965454,82.9991854
25.0182224,82.3601259
25.4033317,81.8682416
25.4029389,81.8691933
25.4071555,81.8674795
25.4012194,81.8689299
25.3907765,81.8627541
25.4505795,81.8304807
25.450402,81.8315022
25.4026598,81.8686437
25.4110742,81.8429396
25.3990652,81.8632979
25.3997775,81.8670336
25.451436,81.8324604
25.4559442,81.8355087
25.3053215,82.9925403
25.3048518,83.0077197
25.3056593,83.0086228
25.4571074,81.8352164
25.455148,81.8374386
25.4519558,81.8349982
25.4520503,81.8352836
25.4065503,81.8679293
25.4025606,81.8695416
25.4023521,81.8695444
25.4029997,81.8692041
25.2595214,82.9815196
25.2634152,82.9817206
26.2753215,82.4711415
26.2752273,82.4714497
26.2714313,82.4679498
25.2638528,82.9815187
25.2635938,82.9816088
25.2635759,82.9816356
25.2649386,82.9817699
25.3546362,82.9656729
25.3547741,82.9660329
25.354618,82.966059
25.3546448,82.9655978
25.3545406,82.9660654
25.2636939,82.9815272
25.4642037,81.8697354
25.4633995,81.8649332
25.4623529,81.8663355
25.2635514,82.98166
26.2713297,82.4674623
25.4463673,81.8521893
25.27994,82.9922718
25.2796698,83.0030165
25.2732741,83.0013881
25.2894898,83.0013967
25.2894782,83.0013667
25.2970064,83.0023604
25.2881654,83.001401
25.28839,83.0017394
25.2911695,83.0013304
26.3131277,82.7334572
26.3126076,82.7416851
26.3091471,82.7429973
26.3117197,82.7337101
26.309185,82.7426841
26.3132223,82.7350224
26.3128732,82.7391876
25.2602834,82.9815127
26.3146034,82.7347176
26.3150284,82.7426925
26.3141557,82.7391961
26.3134044,82.7376214
26.310164,82.7368172
26.3078873,82.7368764
26.3088435,82.7380955
26.308206,82.7408724
25.3115714,82.9877375
25.3357406,82.9776527
25.3356607,82.97747
25.2629243,82.99085
25.2606975,82.9914443
26.2654591,82.0733727
26.2641184,82.0744097
26.2632883,82.0713928
26.2609116,82.0731751
26.2640745,82.0740397
26.2754207,82.0775066
25.451402,81.8348756
25.2666213,82.4916082
25.4492806,81.8396079
25.3921262,81.8637123
25.4555439,81.8341134
25.4552933,81.8350288
25.4310062,81.8035913
25.2998813,83.0022412
25.3033865,83.0082679
25.3557289,81.8345556
25.4520214,81.8325737
25.4523915,81.8329197
25.4556441,81.8356801
25.454654,81.8348355
26.3070818,83.0795827
25.1347712,82.5837674
25.3783973,83.0284798
25.4278749,81.845574
25.4269006,81.8424545
25.0474623,82.5955628
25.9220681,81.9871872
25.9245794,81.9958664
25.9153964,81.9857777
25.2824656,81.7837182
25.3303886,82.9978847
26.4618757,82.4899247
26.4413875,82.4677355
26.3838773,82.5193776
25.3198258,83.0123819
25.3167154,82.9760693
25.3450274,82.9938601
26.4225938,82.4032429
26.4590776,82.4927909
25.4021586,81.8661369
25.2036864,83.0722071
25.2623596,82.985774
25.3746276,82.915698
25.4934602,81.8659358
25.460677,81.8507455
25.45912,81.8516844
25.459239,81.8508497
25.463824,81.860378
25.2782809,83.00408
26.3111095,82.732286
25.397572,81.757321
25.46388,81.863747
25.2872422,83.0042721
25.2689057,82.9930785
25.4634204,81.8694258
25.4624131,81.8660854
26.3143395,82.7422626
26.3069148,82.7371449
26.3145414,82.7328641
26.2642691,82.0750796
26.2635463,82.0717077
25.4575978,81.857252
25.4653342,81.8617836
25.4297882,83.6153342
25.4287613,83.6200754
26.5586229,82.6545141
26.0117004,82.6200762
26.5529657,82.656186
26.2653894,82.6694487
25.2903508,83.0047674
25.4392297,81.8598465
25.4427989,81.8606813
26.6031814,82.5497856
25.3988181,81.8624972
25.4539878,81.8589719
25.3361135,82.9764097
26.2547775,82.4913004
26.2506935,82.4888657
26.2652428,82.4900412
26.2100234,82.2161681
26.3680777,82.5120575
25.3416207,82.4801506
26.4437242,82.4600858
25.2674852,82.965968
25.3429537,82.9966609
25.3426135,82.9977301
25.3451685,82.9939255
25.4232958,81.8231352
25.4241104,81.8052668
25.4556312,81.8777388
25.2883613,82.9697871
25.4497955,81.8600114
25.4576206,81.8569272
25.4575978,81.8455433
25.3043355,82.9788384
25.4295784,81.8263182
25.3768568,81.8526759
25.3777098,81.8532124
25.3772445,81.852971
25.3773996,81.8527081
25.3759407,81.8515279
25.3794086,81.8446829
25.3779388,81.8441505
25.3787482,81.8446038
26.5418937,82.409823
25.3699506,82.9171311
25.3704954,82.9183193
25.3624052,82.9325662
25.3625245,82.9373073
25.3535677,82.9659655
25.3625149,82.9369225
25.3622599,82.9373831
25.3541058,82.9667212
25.3547101,82.9669677
26.2732341,82.4698801
25.4625916,81.8405524
25.4620292,81.8614059
25.4652799,81.8617506
25.2731346,83.001598
25.4485955,81.8449649
25.4477174,81.8444478
26.3088283,82.7333133
26.3087999,82.7339906
25.2585849,82.9896612
25.7712723,82.3290009
25.3613416,81.8387521
26.7285652,83.4342065
26.7297498,83.4350798
25.3957121,81.7583556
25.2621544,82.9925896
25.4649427,81.8603052
25.4624693,81.8592971
25.4653472,81.8606365
25.2586098,82.9902383
25.2583127,82.990765
25.3746904,82.9163029
25.3747417,82.916235
25.3063243,83.0103739
25.2718076,83.0229253
25.9283187,83.5711021
25.9348177,83.5669181
25.9633105,83.5803692
25.5417224,83.2665963
25.5449342,83.3304886
25.5459651,83.3768475
25.567077,83.4707863
25.5786498,83.5035431
25.5783509,83.5573436
25.6283152,83.5661881
25.6796435,83.5485398
25.7293344,83.5458034
25.7706176,83.5536783
25.8325808,83.5579199
25.8909632,83.560484
25.8987875,83.5611688
25.4637202,83.1183409
25.5408428,83.1870583
25.5403315,83.211525
25.540783,83.2205785
25.4478976,83.0312858
25.9438383,83.5689208
25.1737096,83.0991292
25.3050048,82.9811121
25.2977678,83.0020662
25.3117109,82.9885717
25.3111057,82.9888223
25.3183391,82.9881765
25.4388788,81.8582634
26.3778686,82.8631138
25.1334272,83.665899
25.4982624,81.8628931
25.4183563,82.0160124
26.3658473,82.5107809
25.2848795,83.0023419
25.2774869,83.005451
25.2941304,83.0000956
25.3454544,82.9941786
25.1509743,82.3388427
26.6009244,81.9195413
25.3010041,82.9542855
25.2833874,82.9754984
25.7867525,82.2316079
25.2484958,82.9623644
25.267544,82.9946423
25.3776359,81.8447178
25.2672101,82.9660906
25.3683821,82.9279175
25.3510857,82.2285834
25.3405993,82.2541342
25.2802163,82.9874745
25.2835546,82.9721273
26.2651535,82.0725631
25.442863,81.8670851
26.3042343,83.0795069
25.3093104,83.003472
25.2653598,82.9898452
25.2637613,82.9841309
25.3000645,82.9729878
25.465973,81.86197
25.466971,81.862945
25.461064,81.826185
26.3070093,83.0766621
25.309149,83.0067144
25.3172234,82.9911145
25.3386245,82.981759
25.338642,82.9817789
25.3453057,82.9941765
25.3456489,82.9941807
25.351358,82.9935332
25.3093898,83.0030173
25.3900038,81.8634397
25.4016688,81.8693103
25.4017337,81.8693735
25.4020271,81.8697262
25.401167,81.8684867
25.4570374,81.8352544
25.3769574,81.8488699
25.4646294,81.870656
25.2606833,82.9816495
25.2608874,82.9816249
25.9269104,83.5661857
25.9300451,83.5666861
25.4622069,81.8563931
25.4510273,81.8304552
25.4620946,81.8653888
25.4619518,81.8459346
25.4657182,81.8569019
26.2932522,83.0925814
25.4389773,81.8582096
25.3172343,82.991197
25.4920966,81.8648709
25.4303516,81.8289879
25.4302684,81.8282172
25.4947383,81.8621768
25.3380613,82.9804377
25.4096906,81.9108845
25.2593349,82.9934338
25.2767178,82.9877373
25.2778038,82.9989742
25.281238,83.0032025
25.3452467,82.9939213
25.2497947,82.9933808
26.4270799,82.5332629
25.4575837,81.835317
25.4684687,81.8563101
25.311136,82.9862744
25.3028729,82.9746002
25.3043984,82.977972
25.3071357,82.9908639
25.3071065,82.9911615
25.2867485,83.0020165
25.3097717,82.9896733
25.3102527,82.9894139
25.3095044,83.0033371
25.3105427,82.9890026
25.3112313,82.9891875
25.284562,82.9597102
25.3082715,82.9912489
25.3073061,82.9941706
25.4508371,81.8748722
25.4480711,81.8590286
25.456723,81.8658677
25.4575064,81.8642422
25.2946849,83.0007772
25.0190209,82.362836
25.2874604,82.9444834
25.2874546,82.9443257
25.390893,81.8635954
25.3907074,81.8636433
25.3921424,81.863717
25.3880304,81.8659736
25.4511585,81.8296072
25.4497735,81.8362295
25.4507995,81.8331265
25.4013801,81.8691015
25.4378512,81.8405429
25.4380087,81.8407068
25.4557056,81.8361265
25.3768992,81.8489718
25.4720869,81.8682392
25.3924517,81.8638002
25.2675683,82.9662411
25.392236,81.8637364
25.3734307,82.9188949
25.3711535,82.9225816
24.9983342,82.075717
25.3673535,82.928706
25.3536914,82.965537
25.47131,83.2497737
26.2720615,82.4689125
25.4657711,81.8719984
25.4635254,81.8658128
25.4656341,81.8568128
26.2730429,82.4699582
26.2703444,82.4690031
26.2702763,82.4692681
25.4422,81.8837572
26.3104868,82.7345646
26.3093032,82.7411386
26.3098058,82.7345057
26.2639163,82.0742575
25.4517323,81.832585
25.447911,81.8343737
25.4514279,81.8301846
25.3041865,82.9784124
25.4551349,81.8350008
25.4394997,81.8597543
26.7398014,83.3749512
25.2965543,83.0058046
25.2887,83.5278967
25.1716198,83.6196336
25.4549816,81.8574438
25.4661464,81.8443251
25.4502705,81.8590102
25.4613291,81.8438295
25.3901604,82.567336
25.735593,82.6994187
26.6515524,81.9737461
25.2859572,83.1136657
25.386875,82.5805774
25.7468347,82.6938939
25.4125248,82.0312985
25.9217757,83.5664709
25.3502193,83.0226852
25.4266104,81.8268836
25.5808248,83.5801274
25.4429561,81.828429
25.91725,81.9930951
25.4633446,81.8484825
26.0286596,83.3883896
26.255524,82.063031
25.2890796,82.9708877
25.2596764,83.0338507
25.2760437,83.1357282
25.2620454,83.2630181
25.3274904,82.9914415
25.3987077,82.5677691
26.742639,83.3716097
26.7412138,83.3686995
25.3230301,83.0010518
25.7454716,82.6816966
25.3588766,83.0135543
25.4757592,82.5690023
25.9217322,83.5680239
25.354083,82.9825312
25.7279201,82.68985
25.4615794,82.4083479
25.5931466,82.9993722
25.3032363,82.9764466
25.2833258,82.9730503
26.2668388,83.5054453
25.9226106,83.5668521
26.5847764,82.1976521
25.3507187,82.976228
25.3344185,82.7890876
26.0538456,83.1828117
25.4654018,81.8332046
25.4680377,81.8243661
25.3275898,83.0027376
25.3661363,83.006195
26.7427516,83.3732077
26.7416989,83.3760304
25.3530274,82.9819612
25.3191944,83.0067299
25.4497628,81.8604552
25.4546773,81.8513656
25.4384364,81.8394688
25.4470887,81.8615844
25.2882993,82.4267406
25.2780889,83.0032586
25.3110083,83.0024332
26.4118646,82.5460989
25.4642043,81.8264642
26.0467164,83.1970395
25.4509899,81.8619747
25.2905553,83.0004665
25.3118776,82.9877642
25.353734,82.9649064
25.3518488,82.9822486
25.6454714,82.9182591
25.3046542,82.9803948
25.4509687,81.7807775
26.0780998,83.1857863
25.4500332,81.7662426
25.9294793,83.5667941
26.7454607,83.3793117
26.0895511,83.1878342
25.9191419,81.9844577
25.3536867,82.9793367
25.3493104,82.9916064
26.0043596,83.112957
25.2880337,83.1094198
25.2767719,83.1335617
25.4495004,81.762112
25.455994,81.8527398
25.3956777,81.8627411
25.3163026,82.9088225
26.2844295,83.5124573
24.9915414,82.0689514
25.3600376,83.0653328
25.4413515,81.8650706
26.0532877,83.1812721
25.3024243,82.9690787
26.7429588,83.3712517
25.2845053,82.4361156
25.2573714,83.2764725
25.3697983,82.9726593
25.3023578,82.9753549
25.3867334,82.5821934
25.4782611,81.8606785
25.2824005,82.9906966
25.2683883,83.0138326
25.425308,81.912422
25.4839218,81.8769177
25.4088946,81.9177673
25.4541694,81.8603227
25.4391012,81.8381289
26.0482847,83.1840446
26.0844709,83.0361054
24.9265262,82.6758657
26.7424394,83.3682212
24.873904,83.0395976
26.738647,83.367827
26.3445711,83.4138496
25.4559036,81.873128
25.2805137,82.9903301
25.4004424,81.8678011
25.4663303,81.830858
25.3797806,81.8456445
25.2232689,82.5111671
25.2810451,82.990486
25.455127,81.841359
25.3269832,82.964445
25.4581097,81.8382351
25.4012539,81.868973
25.4549389,81.8710772
26.0412036,83.1891825
26.0774853,83.1853284
25.3428889,82.9964458
25.3380641,82.9965272
25.406536,81.8678942
25.452133,81.8350271
25.4395135,81.8598341
25.3526539,82.9769841
26.6218178,83.559367
25.4558325,81.8345712
25.2929029,83.0055074
25.3460988,83.0372616
25.4969605,81.8684147
25.5434374,83.4006007
25.2965812,83.0013293
25.4573983,81.8541354
25.436294,81.8465893
25.2788877,83.0028725
25.4456103,81.8448926
25.0529472,83.6049874
25.2120479,83.5200848
25.0402736,83.6076361
25.4248667,81.9247846
25.4534639,81.8558676
25.1339452,82.5781942
26.3259352,82.9505861
25.357457,82.9647079
25.3504181,82.9967603
26.4398191,82.5485551
26.0888381,83.2928762
26.2629362,82.0750688
26.0794356,83.1869759
25.7470184,82.6795542
25.437487,81.8450908
25.3848185,82.5858783
25.7367334,82.6761398
25.247891,82.9940164
26.285864,83.5112429
26.0809991,83.1910971
25.3669118,83.0259106
25.4382354,81.8445128
25.3068304,82.9978198
26.4506262,82.779566
26.4355638,82.5496562
25.3264652,82.9927117
25.452294,81.86083
26.7426534,83.3697899
25.3246623,83.0149859
26.2513059,82.0689379
25.3051973,82.9805182
25.315928,82.9106507
25.4583031,81.8403155
25.4412243,81.8162088
25.3500933,83.0317504
25.4025358,81.8692489
25.2981978,82.9477684
26.7441571,83.3768293
25.4423942,81.8092552
25.3852492,81.8741452
26.0506256,83.1871717
25.3586252,82.952923
25.4302771,82.8618097
25.2932811,82.9965229
25.3869981,82.592479
25.4537711,81.8426618
25.4539839,81.8402796
25.4767798,81.850069
25.342448,82.9774846
26.0825114,83.1820835
25.4517419,81.8617031
25.3026937,82.952709
25.4680026,81.8288192
25.3043668,82.9815736
25.2555496,82.9586595
25.3023421,82.9645711
25.3006034,82.9560819
25.1379724,82.5761953
25.7354553,82.6797527
25.3579308,83.0112496
26.0772963,83.1807759
25.2835877,82.9983911
25.2960203,82.9991037
25.4559399,81.8616736
25.4431995,81.8715656
26.7342168,83.3665873
26.0881073,83.1884345
25.2774771,82.9661643
25.3945146,82.566994
25.4729624,81.845818
25.3153485,82.9855648
25.3117923,82.9856793
26.7348828,83.3712637
25.4485522,81.853981
25.2826176,82.975713
25.2829826,82.9749083
26.7427666,83.3702049
25.4394217,81.8572433
25.4327624,81.8176049
25.7399794,82.6845337
25.7568582,82.694088
25.4410889,81.8629107
25.4502288,81.7779974
26.0773898,83.186404
26.7436375,83.357786
25.3581531,83.0144841
25.3667543,83.0424316
26.2456502,82.0673682
25.5970814,83.5797358
25.4375479,81.8433035
25.4327503,81.7877697
25.4598731,81.865886
25.4458415,81.8525072
26.053297,82.6870026
25.3036115,82.9756862
25.3010439,83.0836343
25.4613007,81.8338403
25.6437776,82.920776
25.3052664,82.9864379
25.7396424,82.6656336
25.3512519,82.9779245
25.4544846,81.8572352
25.4592004,81.8383109
25.3563214,83.0096523
25.3484644,82.975772
25.3422395,82.9767966
25.3190508,82.9965833
25.3129735,82.9900937
25.3317015,83.0236682
25.2854642,83.1191824
25.4639609,81.8480064
26.7439702,83.3719668
25.9305332,82.0049501
25.3425037,82.9766236
25.3093752,83.0070332
25.4443541,81.8734278
25.2879096,83.001109
25.2537156,82.9964612
25.3804683,82.5691846
25.3438983,82.9881918
25.2896883,83.0042418
25.7392249,82.6874994
26.7449338,83.3656207
25.3039522,82.9867731
25.3552798,82.9655729
25.4577165,81.8638489
25.4315028,81.8501569
25.5324295,81.8539981
25.3592045,82.9591839
25.5275209,81.8537596
26.2664083,82.0744157
26.0574549,82.6841958
25.363961,83.0360573
25.4526682,81.8558304
25.3050931,82.9750063
25.1558133,82.5830014
26.7425732,83.3694841
25.350789,83.0037045
25.4542981,81.861392
25.3400505,82.9920933
25.4490511,81.7508575
25.7330029,82.6725617
25.4305145,81.8182694
25.7355797,82.6953149
25.2831802,82.9699691
25.455078,81.8636557
25.4652873,81.848852
25.5225384,81.8654629
26.7410605,83.3641767
25.2826237,82.9706222
25.2886212,82.9940888
25.3091348,82.9838206
25.4467048,81.8536506
25.2836471,82.9714912
25.2821724,82.9919971
26.0229049,82.9230016
25.8951054,81.9491571
25.3060181,82.9371
26.0852507,83.2846813
25.4528057,81.838245
26.2730487,82.0772918
25.2884224,81.9295375
25.4527421,81.7801378
25.2832627,82.9808334
25.3239083,83.0044448
26.2471333,82.0680146
25.3118509,83.0085801
25.4601867,81.8657197
25.4530579,81.8561448
25.2851738,81.9339886
25.3569528,83.0063143
25.4434163,81.8666491
26.742669,83.3693071
25.260181,83.2550778
26.2525501,82.2279064
25.2960299,82.9434594
25.4529673,81.8619901
25.292644,82.9705367
25.153709,82.5721331
26.7448169,83.3789191
26.7057053,82.1375115
25.4573823,81.8597652
25.3509156,82.9768342
25.7496613,82.6933063
25.474104,81.8517905
26.0783822,83.1723598
26.744899,83.3792581
25.3021699,82.9313258
25.4491387,81.8545359
25.7380913,82.6632856
25.3188013,82.9920584
25.45784,81.8711485
26.0766145,83.1816825
25.4024268,81.8696527
25.4503565,81.7667388
25.2579469,82.961565
25.7376672,82.6737405
25.7380768,82.6853894
26.7430307,83.3710827
25.2804967,82.9677971
25.4662808,81.8269953
25.3474587,81.8309348
25.3527657,82.96783
25.3605676,83.0265085
25.7801071,82.6904869
26.7386077,83.3733599
25.9372824,83.5682842
25.2831311,82.9684355
25.3543803,82.9624132
25.1456148,82.5711018
25.3213263,83.0129261
25.3757006,82.9161931
25.1517029,82.530469
25.2608414,83.2576293
26.2361256,82.0656809
26.2627557,82.069966
25.332967,83.0144739
25.4498431,81.7643604
25.3007101,83.0023755
25.2744502,82.9995149
25.3205662,83.0127322
25.4591151,81.8613611
25.2879707,83.004762
25.3109998,82.9868113
25.2788183,82.9996276
24.7785109,82.093446
25.0398593,83.6079633
25.292442,83.659746
25.9098683,82.7515923
26.1574109,83.3596833
25.3956644,82.5650775
26.0400073,83.0479925
25.2824618,83.1223165
26.3260512,83.6570256
25.9218299,81.9990201
25.7592013,82.6968142
25.6193924,81.688077
26.1672645,82.3709553
26.0432547,83.2883379
25.3295693,82.4653718
25.4254554,83.6665595
25.9221279,81.9986835
25.1581063,82.9559425
25.9432027,83.5691249
26.3964803,83.0721076
25.1334662,82.8158741
25.7631436,83.1902173
26.218467,82.2821856
26.2244566,83.5894346
25.9840993,83.6205871
26.4466468,82.5606868
25.4215976,82.7122906
25.8158897,83.2969974
26.6729884,82.9300437
26.043524,83.2210077
26.0827457,83.1900376
25.4402567,81.8277544
25.1522759,82.5767586
25.340059,83.3494212
25.9046515,83.2049963
26.0637645,83.1833871
24.8279468,82.3259385
26.1613935,83.3393991
25.4912268,82.8273245
26.6321041,83.2994141
26.1926847,81.9201538
25.847722,82.2924364
25.5574522,83.5475761
25.3300687,82.4654724
25.5154329,82.6785283
25.6605677,82.235245
25.2589427,83.2734892
25.4392781,81.8285215
26.1161015,82.0410302
26.6652993,83.2497154
25.185554,82.6310129
25.6037091,83.1424512
25.9564898,83.5432845
25.0811096,83.0860993
25.5822075,83.5819539
26.1851542,83.4120964
25.3613519,83.1609303
25.6535266,82.9935095
25.1544088,82.5771099
26.3337516,82.9468001
25.9765307,82.7512108
25.4997681,81.8638247
25.3318796,82.9791974
25.287653,83.0018096
25.3841559,82.9046875
25.2947692,82.9713814
25.3799982,82.9939926
25.3293525,83.0178987
25.3458516,82.9962729
25.3527952,82.9819036
25.3790856,82.9758181
25.3528561,83.0018585
25.2791873,82.9988665
25.314058,82.956667
25.3097288,82.9909972
25.256901,82.9593747
25.3521054,82.9816775
25.3397137,82.9256749
25.2680252,82.8472511
25.3104055,82.9841904
25.2855147,82.9946911
25.3053488,82.986451
25.3508619,82.9760521
25.352927,82.9786969
25.3840791,82.9710842
25.2792438,83.0008893
25.3618976,82.9523441
25.3517441,82.9811912
25.3039498,82.9900586
25.360696,82.941177
25.360778,82.9506846
25.3603471,82.9485332
25.3071525,82.9931648
25.2622943,82.9656
25.306562,82.9750547
25.356267,82.953296
25.34965,83.004945
25.311236,82.986316
25.300271,82.994653
25.3119109,82.9865396
25.3646315,82.974667
25.35072,82.977243
25.2760391,82.9682885
25.3503004,82.9930871
25.2705135,82.7175129
25.3520678,82.9714491
25.3793331,82.9935422
25.2838042,82.9699867
25.3083121,82.9849165
25.2787979,83.0043951
25.331716,83.007717
25.350571,82.9886593
25.353663,83.0025949
25.2974834,82.9437303
25.3507954,82.9752551
25.300895,82.9534599
25.3042531,83.0029649
25.305723,82.984596
25.354029,83.004075
25.3650305,82.9593359
25.2977607,82.9924693
25.3161662,82.9679451
25.3350788,83.001357
25.350619,82.9705221
25.3242107,83.0031446
25.3535742,83.0039645
25.3276365,82.9903258
25.3051959,82.9937819
25.3023319,82.974999
25.302198,82.9644864
25.2584064,83.0366509
25.3538348,82.9778179
25.2653332,82.9654152
25.2576159,82.9611938
25.2470817,82.9510253
25.35316,82.983488
25.2562993,82.9599053
25.3150869,82.983205
25.3543255,82.9762314
25.3617698,82.9478768
25.3175707,82.9742152
25.2827533,82.9683006
25.2473308,82.9522276
25.2827214,82.9400178
25.2862554,82.9228527
25.330641,82.995829
25.3310155,83.0137611
25.2488922,82.9866484
25.2966727,82.9999593
25.313519,82.9678978
25.327632,83.027387
25.346699,82.996889
25.244814,82.951158
25.2699123,82.7185358
25.244372,82.979733
25.3655945,83.0255416
25.3620384,82.9461627
25.3498326,82.9920187
25.3650418,82.9745778
25.3600727,83.0200794
25.34992,82.9831869
25.3486582,82.967746
25.3497167,82.9911283
25.3623019,83.039967
25.3469853,82.9699986
25.3070243,82.9435133
25.3079915,82.9349485
25.3509938,82.9767235
25.2970026,82.9981729
25.293286,82.996088
25.2943269,82.9797908
25.283863,82.9792278
25.3010102,82.9468621
25.2584272,82.9635472
25.3038069,82.9592991
25.2626172,82.9649674
25.357824,82.9651728
25.275215,83.010057
25.3334913,82.9701359
25.287879,82.9529316
25.3580501,83.0069587
25.3334728,83.0025498
25.3621084,82.9541844
25.3203803,82.9866726
25.3001405,82.9945731
25.350184,83.022946
25.2580075,82.9615306
25.3044817,82.9781929
25.3040185,82.9536821
25.3331628,82.9907332
25.2710147,82.9670171
25.3528627,82.9831882
25.256328,83.0368468
25.351731,82.975836
25.3153178,82.9632672
25.2474055,82.9933785
25.2951669,83.0005744
25.3622038,82.9540022
25.3506287,82.9783479
25.305302,82.978926
25.314154,82.958277
25.311547,82.977666
25.3581659,82.9928698
25.3528259,82.9972908
25.2744193,83.010027
25.2637524,82.9635564
25.3491391,82.9918442
25.3104104,82.9853827
25.3502471,82.9781808
25.3088398,82.938513
25.3526203,82.9774508
25.3087773,82.9843883
25.2784619,82.9474918
25.3080296,82.986806
25.3505789,82.9775258
25.3257252,82.9845891
25.3502427,82.9905536
25.3432895,82.9883359
25.3253079,83.009261
25.2669629,82.9669399
25.3130492,83.0041467
25.3492833,83.0031583
25.5281738,81.8539012
25.437135,81.8495489
25.4617973,81.8343315
25.240754,81.9511813
25.446226,81.8513037
25.4538532,81.8287271
25.3928078,81.8415411
25.4522464,81.8754118
25.4149498,81.8622496
25.4380966,81.944851
25.3883985,81.8655549
25.4243952,81.9166825
25.3870321,81.8760138
25.4201104,81.8203849
25.4181117,82.0168496
25.4382939,81.9445669
25.3916212,81.9855914
25.4508612,81.863376
25.5236604,81.8635059
25.5240056,81.8628694
25.401985,81.8387037
25.4509049,81.9540922
25.2339589,81.7884697
25.4254753,81.91995
25.3641431,81.880636
25.4410709,81.8271627
25.4292556,81.9119268
25.4288679,81.9330948
25.4523347,81.8652883
25.3839362,81.9600568
25.4280582,81.9133898
25.4138395,81.8413476
25.4261667,81.8160399
25.462755,81.959532
25.4755837,81.855608
25.4134092,82.0207496
25.4470513,81.8739577
25.4277359,81.9165058
25.4397526,81.99065
25.4342516,81.8564318
25.2851799,81.8021312
25.416381,81.9259227
25.4560263,81.8605871
25.434963,81.760538
25.458273,81.830956
25.2782143,81.9686325
25.389825,81.8773642
25.3954569,81.8728768
25.4408369,81.817462
25.3952126,81.8791742
25.4353356,81.9071495
25.4259448,81.8192878
25.4522178,81.8753068
25.4481651,81.8327085
25.2724139,81.8017832
25.282758,81.9634561
25.3152351,81.9224389
25.4396875,81.9915882
25.422192,81.9252478
25.5238863,81.8642808
25.3840322,81.8404546
25.3147827,81.9232142
25.3685133,81.8397003
25.4368037,81.8480338
25.2762732,81.7992444
25.3227665,81.8236973
25.536083,82.062945
25.423565,81.821401
25.4449666,81.8655277
25.4219169,81.9319388
25.396483,81.8610897
25.4313079,81.9052803
25.273134,81.9777463
25.4158157,81.8637674
25.542523,81.892178
25.4394355,81.8578003
25.4835843,81.9795278
25.4468425,81.9503839
25.4318447,81.9035617
25.371006,82.1143143
25.4368704,81.8512959
25.381536,81.8628506
25.4559557,81.8578098
25.431753,81.80462
25.4218951,81.9324259
25.4138123,81.8449322
25.4552704,81.8713003
25.4256662,81.9124812
25.3574355,81.8850736
25.4579215,81.861614
25.4248375,81.9249025
25.3961824,81.8701322
25.4968506,81.8622913
25.4253647,81.9152818
25.4324027,81.8457465
25.4289,81.9123028
25.4316967,81.9034381
25.2154551,82.0803088
25.3465349,81.8945467
25.4625214,81.8425879
25.4396577,81.8270452
25.4253981,81.8182801
25.4697296,81.8428384
25.4341047,81.8148321
25.4505861,81.8552305
25.4287398,81.8161335
25.4613291,81.8650796
25.4236777,81.9072118
25.4356527,81.7567907
25.2194003,82.0844749
25.5001737,81.8563686
25.451274,81.833165
25.3488454,81.860773
25.4543639,81.8624484
25.4282806,81.9350397
25.4277663,81.8216437
25.4760522,81.8485389
25.5200969,82.0355906
25.430112,81.8468066
25.3895338,81.8835772
25.3178464,81.9189388
25.5241135,81.8533742
25.403402,81.8400838
25.4305559,81.7934122
25.4282064,81.9148584
25.391022,81.8476873
25.4587093,81.8654845
26.0491821,83.1703756
26.0534251,83.1819668
26.0631192,83.1842778
26.0817422,83.1791071
26.0736871,83.1851653
26.0531341,83.160314
26.0814335,82.8755807
26.0720095,83.2881841
26.191063,83.2266289
26.0784289,82.87869
26.0050772,83.0339536
26.1958501,83.2280537
25.8788237,83.1143567
26.0421294,83.2865082
26.0971471,83.1884299
25.8784535,82.9378104
26.0799086,83.1861017
26.0483921,83.1676821
26.0754935,83.1786517
26.0473743,83.1911903
26.078987,83.1909081
26.0799806,83.1745276
26.0407147,83.1594891
26.0425351,83.1913244
25.986887,83.0741923
25.9567882,83.2687737
26.3447839,82.92379
26.0466322,83.1975419
25.8083568,82.996463
26.0012566,83.2050519
26.0031627,83.1098305
26.0887921,83.1877767
26.0463948,83.1906502
26.0797381,83.1747649
26.079445,83.174883
26.06634,83.0598851
26.0602871,83.1734903
26.0840151,83.2906805
26.0472821,83.1898257
26.0839749,83.1958064
26.0796793,83.1908379
26.0319008,83.1510706
26.0415792,83.1893758
26.0764148,83.1774245
26.0797262,83.1906621
25.9970077,83.0315667
26.1422591,83.2758897
26.0526241,82.9466104
26.0419295,83.185068
26.1839569,82.899226
26.0393854,83.1883752
25.9583235,83.2661692
25.9978065,83.0301602
26.1458809,83.3117016
26.0359397,83.1546397
25.8060626,82.9974483
26.0370609,83.1856143
25.7440802,82.9877976
26.1303858,82.8138697
25.9120071,83.1174408
26.0806877,83.1734281
26.0422692,83.1562316
26.0420667,83.1874925
26.0783167,82.8786717
26.0463876,83.1983435
26.05156,83.136324
25.7851858,82.8269968
26.0653229,82.9604012
26.0489504,83.0607211
26.1021842,83.00344
26.0927856,83.1981702
25.9979213,83.0293095
26.0758322,83.1793576
26.1325873,82.8134594
25.8672015,83.014136
26.0554641,82.8029103
26.0645219,83.1923277
26.322914,82.9519288
26.055551,83.1552607
25.8002463,82.9978254
26.087803,83.1878737
26.2672135,83.1135104
26.046154,83.205506
26.0725385,83.0683707
26.2556796,83.1136922
26.0794087,83.187859
26.0164831,83.007195
26.090434,83.1677312
26.0499315,83.168257
25.8811965,82.9397455
26.0753005,83.1890616
26.0901813,83.1956793
26.1274477,83.2338015
26.0765239,83.1890273
26.0015308,83.1057611
26.088192,83.2899503
26.0242325,82.9223572
26.2015509,83.2308811
25.8151263,83.0019791
26.0482358,83.1706125
26.1788286,83.2136523
26.0485301,83.1858298
26.0708579,83.1904494
26.0758707,83.1790268
26.0784236,83.1888651
26.1980395,83.227438
26.0206374,82.9278277
26.2003606,83.2286608
26.0968961,83.1879355
25.2095222,82.7146077
26.7455238,83.3786225
25.1313825,82.5655466
26.7452299,83.3798376
26.452277,83.258582
25.9244828,83.5668777
24.8884202,82.6955288
26.7436618,83.3719799
26.3037309,83.0853731
26.734908,83.3669987
26.0529221,82.6874616
25.208821,82.7205375
26.7278429,83.3838578
26.6957341,83.4807387
26.7403626,83.3690208
25.2930502,82.4120347
25.075292,82.7346402
26.7426488,83.3705997
25.0123088,82.3534872
26.3029975,83.0767205
26.7445088,83.3811243
25.1475101,82.5430396
25.2904068,82.4194962
25.1343525,82.5579949
25.7421703,82.6868267
24.867655,82.854619
26.7327713,83.3700866
26.0354969,83.3635257
25.2517659,82.7078779
26.7451987,83.3779555
25.1562249,82.5022372
26.7343271,83.3640482
25.2643224,82.554449
25.0853783,82.7393347
24.9376214,82.6707687
25.1425432,82.5651108
25.2803953,82.4380605
25.2103729,82.7156593
25.1847763,83.0125674
26.7426003,83.371638
25.2068798,83.0273123
25.1104226,82.8726126
26.7425175,83.3703124
26.7454403,83.3791661
25.1529914,82.5785469
26.0482406,82.6817687
25.143348,82.581004
26.2999225,82.8015274
26.7372178,83.5824469
25.2383227,82.5133362
25.2391447,82.2230086
26.284537,83.5067026
25.9575102,83.5458596
26.7372636,83.3626921
26.0656671,83.3749465
25.290846,82.4176048
26.7292664,83.430271
26.7366834,83.3682564
25.1537386,82.583363
26.7337911,83.3815504
25.7501958,82.7016531
25.1536954,82.582152
24.8718535,82.8469068
25.1527479,82.5803747
25.14936,82.589644
25.1514288,82.5721034
26.7409985,83.3797307
25.143625,82.5816
25.1341609,82.5774038
26.0672055,83.3860062
25.404588,82.8889598
25.1954228,82.7543392
26.3066885,83.0817227
26.2834401,83.5139654
25.2396887,82.5400581
26.3682772,82.5121353
25.4231809,81.8207891
25.4265647,81.8213236
25.1664533,83.6215685
24.9937965,83.4717772
25.1122912,83.4004126
24.8987622,81.726733
25.3419332,82.9965688
25.3418788,82.9965688
25.3488532,82.9939339
25.3096308,82.9869371
25.2835693,82.9772326
25.4565604,81.8724457
25.2887662,82.9698746
25.2866299,82.9697772
25.4486124,81.8631387
25.4562645,81.8661688
25.4566907,81.8640202
25.4479161,81.862758
25.2835644,82.9775989
25.2881709,82.9530004
25.2867201,82.9478795
25.3962564,81.7567664
25.2445223,83.4079986
25.2626063,82.9652149
25.2561281,82.9595368
25.453546,81.8831234
26.7310723,83.3688339
26.2748124,82.4672074
25.3709988,82.9226736
25.3727466,82.9217026
25.3683162,82.9278569
25.3382721,82.2593063
25.4610187,81.865585
25.2840233,83.004049
26.2700771,82.4692236
26.3091812,82.7377445
26.3136984,82.7414885
26.3133581,82.7327127
26.309314,82.7421592
26.3103689,82.7379157
26.3058316,82.73167
26.3110962,82.743997
26.3144969,82.7394591
25.2585875,82.9906952
26.2728374,82.0760323
25.4570525,81.859844
25.4578081,81.8604743
25.455336,81.83498
26.3416975,82.8338832
25.2866254,83.0022485
25.3988819,81.8660657
25.3989323,81.866135
25.4506084,81.8347766
25.4057037,81.8727756
25.4507665,81.8347685
25.260114,82.9840748
25.4002398,81.8681375
25.4367274,81.8227942
25.3996331,81.8712613
25.3996143,81.8710681
25.372645,82.9206447
25.3537948,82.9645101
25.3534119,82.9660879
25.2597613,82.9816132
25.2602222,82.9840375
25.3924356,81.8632567
25.3925491,81.8611427
25.4064042,81.8681171
25.2862557,82.9618939
25.4548463,81.8344064
26.3044123,83.0772909
25.3165471,82.9901107
25.4379077,81.8442304
25.3354881,82.9776355
25.3158755,82.9887006
25.3100623,83.002923
25.4384929,81.8404756
25.297533,83.0010284
26.2666991,82.0748513
25.4501987,81.8323015
25.2949279,82.9727667
25.2626294,82.9917015
25.2611728,82.9924222
25.4009826,81.8682792
25.3944963,81.8568354
25.399807,81.8670167
26.7212364,83.3896312
26.7226795,83.3904189
25.4523887,81.8329291
25.1324971,82.5776945
25.4464493,81.8691258
25.468299,81.8546445
25.4699967,81.8624486
26.2619951,82.0747101
26.2650235,82.0748384
26.7275476,83.3881223
25.448026,81.824039
26.2720811,82.4687186
25.4478206,81.8398891
26.5556172,82.6569518
25.4372308,81.8330585
25.3028749,82.9734357
26.5030254,83.2004017
26.3063088,83.0790391
26.5399454,82.546576
25.1495833,82.5681398
25.4626401,81.8432613
25.285155,81.935218
25.3071541,83.01041
25.2835162,82.9553915
25.2842076,82.9694022
25.2832348,82.9998126
25.3084651,82.9996617
25.4577599,81.869752
25.353802,82.9660667
25.4636452,81.8691271
25.2631683,82.9864439
26.3098124,82.7379881
25.441564,81.8358936
25.4659454,81.8643957
26.3060617,83.0778299
25.4381821,81.857905
25.3272515,82.9872035
25.3946463,81.8604901
25.9222593,81.9896706
25.2649609,82.9944309
25.2852466,82.9598616
25.3087075,82.9996409
25.4025814,81.8702212
26.3087278,82.7368962
26.2609438,82.0736675
25.4190396,81.8205054
25.4179287,81.8199845
25.2554619,82.9948113
25.2559324,82.9946257
25.3437407,82.9966106
25.3482738,82.993936
25.4560944,81.8737773
25.4567879,81.8748663
25.4553824,81.8744632
25.2901157,82.9704394
25.4023112,81.8664132
26.722343,83.3898255
26.2685688,82.0760403
26.5561719,82.6563797
25.3501552,82.9933813
25.2884534,82.9720365
26.2759084,82.4718626
26.2617238,82.0686512
26.2607386,82.0699072
25.2819915,82.9999112
25.2958918,83.0032762
25.3361364,82.9794466
25.3366096,82.9830086
25.3776905,83.0213529
25.4282627,82.8899312
25.3025743,82.9732372
25.2979523,82.9722126
26.4987091,83.1939504
26.5146328,83.2083786
26.5100819,83.2149931
25.9405942,81.9594536
25.27516,83.0056573
26.006196,82.6160474
26.307754,83.0754486
25.3227835,82.8735272
25.4383709,81.8576908
25.4389135,81.8583305
25.4395285,81.8611474
25.4430158,81.8669352
26.4352202,82.7713412
26.3563894,82.8750977
25.288607,82.9992738
25.9292913,83.5714005
25.3293989,83.0442908
25.2801793,82.9909571
25.3743563,83.0262568
25.0213422,83.0278224
25.4229332,81.8252101
25.3051794,82.9964414
25.4302038,81.8616448
25.0213873,83.2427485
25.2991916,83.0049025
25.3099743,83.011962
25.2980456,83.0063908
25.2921104,83.0065838
26.2485024,82.486561
26.2522889,82.4881001
26.2530406,82.4911665
26.2508911,82.4870813
26.1968246,82.2111794
26.2453014,82.223769
25.4175267,81.8209209
25.420068,81.8206816
26.4627908,82.4916842
25.4284062,81.8289071
25.4315094,81.8340154
26.4437265,82.4697221
25.2685343,82.9582801
25.2517365,82.8489246
25.2886232,82.9999048
25.2885797,83.0004672
25.3291461,83.0429214
25.2885325,82.9998897
25.2885421,82.999788
25.2125752,82.9546032
25.2680001,82.9834711
25.3430568,82.9963122
25.3411449,82.9968867
25.3437837,82.9962581
25.340206,82.9964004
25.3371169,82.9961796
25.3367293,82.9962811
25.3380427,82.9950062
25.3353972,82.9963629
25.2538619,82.9550574
25.7673297,82.6716149
25.4192682,81.8278972
25.4247433,81.8070071
25.4254546,81.8073659
25.4241416,81.8051516
25.4267819,81.8073823
25.3013346,82.9685491
25.3109299,82.9884042
25.3095836,83.0041401
25.2988769,82.9698194
25.4561194,81.8796682
25.4546917,81.8775094
25.4335836,81.879161
25.4325314,81.8777211
25.4351846,81.8795208
25.4574805,81.844735
25.4568935,81.8609538
25.4582853,81.8559853
25.4478153,81.8631657
25.457979,81.8600523
25.4569247,81.8635781
25.4564027,81.8652399
25.2865254,82.9480827
25.2936118,82.9366838
25.4242281,83.1815431
26.413781,82.7769246
25.4188127,81.8501615
25.3988608,81.87391
25.3899553,83.0220415
26.6860984,83.5957893
25.3756015,81.8506643
25.3760425,81.8501627
25.3741256,81.8503015
25.3783544,81.8475154
25.059742,83.6824123
26.5399181,82.4133049
25.2063346,83.0753133
25.2025028,83.0762031
25.2063044,83.0852474
25.2037199,83.0803287
25.1378649,82.5711188
25.1380089,82.5712511
25.2230036,82.5113531
25.2587684,82.9622215
25.3114543,83.0149345
26.3460934,82.2357053
25.550215,82.0819689
25.4339155,81.9011858
25.4887425,83.2411316
25.4888697,83.2420135
26.2757395,82.471526
25.3723887,82.9217537
25.4842416,83.2453765
25.4873267,83.2427481
25.3633341,82.9347098
25.4293709,83.2128426
25.364911,82.9329633
25.3533244,82.9665653
25.3535081,82.9644713
25.4885449,83.2463816
25.3543556,82.9670424
25.4620368,83.2485682
25.3536907,82.9663268
26.2735626,82.4700889
25.4567203,81.8834736
25.4580229,81.8751195
25.4645421,81.8669907
25.4615596,81.866378
25.4583919,81.8743161
25.2866809,82.9969472
26.3112698,82.7350706
26.3136846,82.7322377
26.3138264,82.7345024
26.3084103,82.7383497
26.3076894,82.7422527
26.3149909,82.7387628
26.3130068,82.7353394
26.3095214,82.7342327
26.307901,82.7388883
25.2798908,82.9872339
25.2658428,82.9871087
26.2489347,82.0686288
25.3084009,83.0104732
25.3082437,83.0110826
25.7714538,82.3299511
25.2456972,83.3702127
25.6389923,82.5605543
25.6382313,82.5629849
25.4292236,81.8850181
25.4319911,81.8843915
25.4274773,81.8854753
25.4331562,81.8816203
25.4346428,81.883096
25.455111,81.841404
26.0703601,83.1808583
25.3088759,82.9993278
25.3092532,83.0026692
25.3387221,82.980089
25.3035592,82.9761299
25.3095133,82.9897179
25.2614529,82.9906851
25.2880028,83.0046032
25.3123734,83.0113542
25.3081571,83.0101627
25.2712044,82.9930809
25.30266,83.00726
25.3089017,83.007494
25.2881479,83.0044397
25.2894538,83.0061725
25.3084503,83.0103322
25.2884351,83.0038522
25.2784608,83.0055163
25.3082151,83.010145
25.2830628,83.0036434
25.2604996,82.9914058
25.3091913,83.0118591
25.2881316,83.0049416
25.3033262,83.0082942
25.3062179,83.0090205
25.288114,83.0016205
25.3035255,83.0081913
25.303328,83.0083173
25.8573636,83.8594245
25.2877021,83.0066154
25.2935693,83.0021214
25.305784,83.0072379
25.2634417,82.9817728
25.2584148,82.9867973
25.2631534,82.9867534
25.2635427,82.9816794
25.2656454,82.9888228
25.2639917,82.9841062
25.2635531,82.9837997
25.2635827,82.985313
25.2640003,82.9842197
25.2813597,83.0032837
25.2634197,82.9817711
26.3117434,82.7330267
25.2604362,82.9816157
25.2630879,82.9904318
25.2631635,82.9848995
25.2630437,82.9832607
26.2533939,82.0709106
25.2972961,83.0010019
25.2974007,83.0012414
25.2962842,83.0001463
25.2890288,83.0037725
25.2996052,83.0012047
25.3067302,83.0093202
25.3356916,82.9778522
25.3359581,82.9771432
25.2800039,83.0030463
25.2820758,83.0032302
25.861748,83.8557113
25.8600643,83.8604534
25.343571,82.996155
25.3375274,82.9961847
25.3119632,82.9883947
25.3164264,82.9897151
25.3165126,82.9900488
25.3166111,82.9901884
25.2909115,83.0016358
25.2609084,82.9869136
25.2630278,82.9833066
25.2626622,82.9816188
25.2622119,82.9816507
25.2643405,82.9816314
25.3665042,82.9302561
26.2753346,82.4711766
25.2606031,82.9869929
25.2607979,82.9869582
26.275178,82.4711322
25.2616513,82.9840876
25.2629379,82.9817425
25.2628297,82.9817641
25.2611611,82.9816341
26.3117913,82.7310086
26.315143,82.7329784
26.313073,82.7366084
25.2594391,82.9816215
25.3357086,82.9774995
25.2590436,82.9813285
26.315057,82.7369626
26.315024,82.7399212
25.2606102,82.9915022
25.3358667,82.9771484
25.340922,82.996684
25.3482585,82.9941681
25.3739415,82.9179851
25.3736304,82.9188606
25.3683573,82.9275623
25.3695226,82.9255995
25.2620444,82.9838058
25.2616233,82.9841298
25.2611439,82.9838851
25.3437312,82.9957353
25.3255573,82.9925476
25.2904822,83.0018331
25.3040409,82.9771752
26.2746039,82.472006
25.2941407,83.0050673
25.311842,83.0109213
25.3099636,83.0071967
25.289353,83.0060414
25.2882184,83.0053907
25.2997186,83.001183
25.2963844,83.0038952
25.2886758,83.0039218
25.3084967,83.009266
25.3085405,83.0097158
25.3069623,83.0098553
25.3051585,83.0081148
25.3089237,83.0121258
26.3073222,83.0722656
25.309108,83.0122192
26.0698073,83.1809162
26.0699991,83.1809873
25.3049914,83.008162
25.3092903,83.0076598
25.3096482,83.0109745
25.3103371,83.0098353
25.2884268,83.0038878
25.3079671,83.0100512
25.3083577,83.0096147
25.29116,83.0043433
25.309354,83.0062499
25.2812969,83.0031147
25.2941027,83.0047932
25.3347023,82.9798741
25.2965602,82.4048177
25.289363,83.0056019
25.3042274,83.0075314
25.31117,83.0134979
25.2968027,83.0070471
24.9798795,83.882401
25.2883186,83.0042819
25.2872587,83.005015
25.2304125,83.9202952
25.2787574,83.0025286
25.3081958,83.0111787
25.3133005,83.0046481
25.2881951,83.0052254
25.3090691,83.0023133
25.293813,83.0000413
25.3087471,83.0115043
25.3390821,82.979916
25.2813819,83.0032224
25.2623493,82.981643
25.8595265,83.858181
25.3099294,82.9887763
25.3089162,82.9909262
25.3089194,82.9909466
25.3010722,82.9558356
25.3006423,82.9692811
25.284004,82.9693379
25.3070834,82.9919506
25.3119674,82.9867677
25.3055163,82.9810198
25.2777473,82.9672239
25.2866939,83.0017022
25.2789746,82.9987794
25.2802842,83.0026685
25.3182588,82.9916193
25.3211342,82.9911781
25.2877642,82.9692105
25.3058219,82.9859362
25.3113365,82.9892046
25.2903842,83.0018114
25.2932557,83.0024791
25.305214,82.9792966
25.3161738,82.9678179
25.2893311,82.9694725
25.2691284,82.9826179
25.26154,82.9814667
25.2947217,83.0001728
25.2950226,83.0005599
25.2949796,83.0006753
25.2965454,82.9991854
25.0182224,82.3601259
25.3053215,82.9925403
25.3048518,83.0077197
25.3056593,83.0086228
25.2595214,82.9815196
25.2634152,82.9817206
26.2753215,82.4711415
26.2752273,82.4714497
26.2714313,82.4679498
25.2638528,82.9815187
25.2635938,82.9816088
25.2635759,82.9816356
25.2649386,82.9817699
25.3546362,82.9656729
25.3547741,82.9660329
25.354618,82.966059
25.3546448,82.9655978
25.3545406,82.9660654
25.2636939,82.9815272
25.2635514,82.98166
26.2713297,82.4674623
25.27994,82.9922718
25.2796698,83.0030165
25.2732741,83.0013881
25.2894898,83.0013967
25.2894782,83.0013667
25.2970064,83.0023604
25.2881654,83.001401
25.28839,83.0017394
25.2911695,83.0013304
26.3131277,82.7334572
26.3126076,82.7416851
26.3091471,82.7429973
26.3117197,82.7337101
26.309185,82.7426841
26.3132223,82.7350224
26.3128732,82.7391876
25.2602834,82.9815127
26.3146034,82.7347176
26.3150284,82.7426925
26.3141557,82.7391961
26.3134044,82.7376214
26.310164,82.7368172
26.3078873,82.7368764
26.3088435,82.7380955
26.308206,82.7408724
25.3115714,82.9877375
25.3357406,82.9776527
25.3356607,82.97747
25.2629243,82.99085
25.2606975,82.9914443
26.2654591,82.0733727
26.2641184,82.0744097
26.2632883,82.0713928
26.2609116,82.0731751
26.2640745,82.0740397
26.2754207,82.0775066
25.2666213,82.4916082
25.2998813,83.0022412
25.3033865,83.0082679
26.3070818,83.0795827
25.1347712,82.5837674
25.3783973,83.0284798
25.0474623,82.5955628
25.9220681,81.9871872
25.9245794,81.9958664
25.9153964,81.9857777
25.3303886,82.9978847
25.3198258,83.0123819
25.3167154,82.9760693
25.3450274,82.9938601
25.2036864,83.0722071
25.2623596,82.985774
25.3746276,82.915698
25.2782809,83.00408
26.3111095,82.732286
25.2872422,83.0042721
25.2689057,82.9930785
26.3143395,82.7422626
26.3069148,82.7371449
26.3145414,82.7328641
26.2642691,82.0750796
26.2635463,82.0717077
25.4297882,83.6153342
25.4287613,83.6200754
26.0117004,82.6200762
26.2653894,82.6694487
25.2903508,83.0047674
25.7267139,83.9380742
25.3361135,82.9764097
26.2547775,82.4913004
26.2506935,82.4888657
26.2652428,82.4900412
26.2100234,82.2161681
25.3416207,82.4801506
25.2674852,82.965968
25.8609621,83.8748265
25.8628099,83.8583557
25.8565084,83.8638692
25.8614922,83.8548637
25.8607353,83.8588462
25.3429537,82.9966609
25.3426135,82.9977301
25.3451685,82.9939255
24.6942622,83.0622589
25.2883613,82.9697871
25.3043355,82.9788384
25.3699506,82.9171311
25.3704954,82.9183193
25.3624052,82.9325662
25.3625245,82.9373073
25.3535677,82.9659655
25.3625149,82.9369225
25.3622599,82.9373831
25.3541058,82.9667212
25.3547101,82.9669677
26.2732341,82.4698801
25.2731346,83.001598
26.3088283,82.7333133
26.3087999,82.7339906
25.2585849,82.9896612
25.7712723,82.3290009
25.2621544,82.9925896
25.2586098,82.9902383
25.2583127,82.990765
25.3746904,82.9163029
25.3747417,82.916235
25.3063243,83.0103739
25.2718076,83.0229253
25.9283187,83.5711021
25.9348177,83.5669181
25.9633105,83.5803692
26.119679,83.8590517
25.5417224,83.2665963
25.5449342,83.3304886
25.5459651,83.3768475
25.567077,83.4707863
25.5786498,83.5035431
25.5783509,83.5573436
25.6283152,83.5661881
25.6796435,83.5485398
25.7293344,83.5458034
25.7706176,83.5536783
25.8325808,83.5579199
25.8909632,83.560484
25.8987875,83.5611688
25.4637202,83.1183409
25.5408428,83.1870583
25.5403315,83.211525
25.540783,83.2205785
25.4478976,83.0312858
25.9438383,83.5689208
25.9145034,83.9449268
25.1737096,83.0991292
25.3050048,82.9811121
25.2977678,83.0020662
25.3117109,82.9885717
25.3111057,82.9888223
25.3183391,82.9881765
25.1021139,83.7106807
25.1334272,83.665899
25.4183563,82.0160124
25.2848795,83.0023419
25.2774869,83.005451
25.2941304,83.0000956
25.8623852,83.8543552
25.8667743,83.8571871
25.3454544,82.9941786
25.1509743,82.3388427
25.3010041,82.9542855
25.2833874,82.9754984
25.7867525,82.2316079
25.2484958,82.9623644
25.267544,82.9946423
25.2672101,82.9660906
25.3683821,82.9279175
25.3510857,82.2285834
25.3405993,82.2541342
25.2802163,82.9874745
25.2835546,82.9721273
26.2651535,82.0725631
26.3042343,83.0795069
25.3093104,83.003472
25.2653598,82.9898452
25.2637613,82.9841309
26.1283955,83.7392706
25.3000645,82.9729878
26.3070093,83.0766621
25.309149,83.0067144
25.3172234,82.9911145
25.2315813,83.9215756
25.2319598,83.921522
25.2316041,83.9199221
25.3386245,82.981759
25.338642,82.9817789
25.3453057,82.9941765
25.3456489,82.9941807
25.351358,82.9935332
25.3093898,83.0030173
25.5124799,83.8940971
25.2606833,82.9816495
25.2608874,82.9816249
25.9269104,83.5661857
25.9300451,83.5666861
26.2932522,83.0925814
25.3172343,82.991197
25.3380613,82.9804377
25.2593349,82.9934338
25.2767178,82.9877373
25.2778038,82.9989742
25.281238,83.0032025
25.8583364,83.8617001
25.8576663,83.8619426
25.8579013,83.8549485
25.8580896,83.8517705
25.8573095,83.8545943
25.8627125,83.8524132
25.8626121,83.8518682
25.3452467,82.9939213
25.2497947,82.9933808
25.311136,82.9862744
25.3028729,82.9746002
25.3043984,82.977972
25.3071357,82.9908639
25.3071065,82.9911615
25.2867485,83.0020165
25.3097717,82.9896733
25.3102527,82.9894139
25.3095044,83.0033371
25.3105427,82.9890026
25.3112313,82.9891875
25.284562,82.9597102
25.3082715,82.9912489
25.3073061,82.9941706
24.6910738,83.0622341
24.6891665,83.0709828
24.6893298,83.0740325
24.6954319,83.0654239
24.6893006,83.0612424
24.6874728,83.0622938
24.683008,83.0649331
24.6836563,83.063533
25.2946849,83.0007772
25.0190209,82.362836
25.2874604,82.9444834
25.2874546,82.9443257
25.2675683,82.9662411
25.3734307,82.9188949
25.3711535,82.9225816
24.9983342,82.075717
25.3673535,82.928706
25.3536914,82.965537
25.47131,83.2497737
26.2720615,82.4689125
26.2730429,82.4699582
26.2703444,82.4690031
26.2702763,82.4692681
26.3104868,82.7345646
26.3093032,82.7411386
26.3098058,82.7345057
26.2639163,82.0742575
25.3041865,82.9784124
25.2965543,83.0058046
25.2887,83.5278967
25.1716198,83.6196336
25.0468894,83.7942588
25.3901604,82.567336
25.735593,82.6994187
24.5184316,83.0270827
25.2859572,83.1136657
25.386875,82.5805774
25.7468347,82.6938939
25.4125248,82.0312985
25.9217757,83.5664709
25.3502193,83.0226852
25.5808248,83.5801274
25.91725,81.9930951
26.0286596,83.3883896
26.255524,82.063031
25.2890796,82.9708877
25.2596764,83.0338507
25.2760437,83.1357282
25.2620454,83.2630181
25.3274904,82.9914415
25.3987077,82.5677691
25.3230301,83.0010518
25.7454716,82.6816966
25.3588766,83.0135543
25.4757592,82.5690023
25.9217322,83.5680239
25.354083,82.9825312
25.7279201,82.68985
25.4615794,82.4083479
25.5931466,82.9993722
25.3032363,82.9764466
25.2833258,82.9730503
26.2668388,83.5054453
25.9226106,83.5668521
25.3507187,82.976228
25.3344185,82.7890876
26.0538456,83.1828117
25.3275898,83.0027376
25.3661363,83.006195
25.3530274,82.9819612
25.3191944,83.0067299
25.2882993,82.4267406
25.2780889,83.0032586
25.3110083,83.0024332
26.0467164,83.1970395
25.2905553,83.0004665
25.3118776,82.9877642
25.353734,82.9649064
25.3518488,82.9822486
25.6454714,82.9182591
25.3046542,82.9803948
26.0780998,83.1857863
25.9294793,83.5667941
26.0895511,83.1878342
25.9191419,81.9844577
25.3536867,82.9793367
25.3493104,82.9916064
26.0043596,83.112957
25.2880337,83.1094198
25.2767719,83.1335617
25.3163026,82.9088225
26.2844295,83.5124573
24.9915414,82.0689514
25.3600376,83.0653328
26.0532877,83.1812721
25.3024243,82.9690787
26.3002343,83.9257281
25.2845053,82.4361156
25.2573714,83.2764725
25.3697983,82.9726593
25.3023578,82.9753549
25.3867334,82.5821934
25.2824005,82.9906966
25.2683883,83.0138326
26.0482847,83.1840446
26.0844709,83.0361054
24.9265262,82.6758657
24.873904,83.0395976
24.6881052,83.0794371
24.6873168,83.0619612
25.2805137,82.9903301
25.2232689,82.5111671
25.2810451,82.990486
25.3269832,82.964445
26.0412036,83.1891825
26.0774853,83.1853284
25.3428889,82.9964458
25.3380641,82.9965272
25.3526539,82.9769841
24.3219018,83.81018
25.2929029,83.0055074
25.3460988,83.0372616
25.5434374,83.4006007
25.2965812,83.0013293
25.2788877,83.0028725
25.0529472,83.6049874
25.2120479,83.5200848
25.0402736,83.6076361
25.1339452,82.5781942
25.357457,82.9647079
25.3504181,82.9967603
26.0888381,83.2928762
26.2629362,82.0750688
26.0794356,83.1869759
25.7470184,82.6795542
25.3848185,82.5858783
25.7367334,82.6761398
25.247891,82.9940164
26.285864,83.5112429
26.0809991,83.1910971
25.3669118,83.0259106
25.3068304,82.9978198
25.3264652,82.9927117
25.3246623,83.0149859
26.2513059,82.0689379
25.3051973,82.9805182
25.315928,82.9106507
25.3500933,83.0317504
25.2981978,82.9477684
26.0506256,83.1871717
25.3586252,82.952923
25.4302771,82.8618097
25.2932811,82.9965229
25.3869981,82.592479
25.342448,82.9774846
26.0825114,83.1820835
25.3026937,82.952709
25.3043668,82.9815736
25.2555496,82.9586595
25.3023421,82.9645711
25.3006034,82.9560819
25.1379724,82.5761953
25.7354553,82.6797527
25.3579308,83.0112496
26.0772963,83.1807759
25.2835877,82.9983911
25.2960203,82.9991037
26.0881073,83.1884345
25.2774771,82.9661643
25.3945146,82.566994
25.3153485,82.9855648
25.3117923,82.9856793
25.2826176,82.975713
25.2829826,82.9749083
25.7399794,82.6845337
25.7568582,82.694088
26.0773898,83.186404
25.3581531,83.0144841
25.3667543,83.0424316
26.2456502,82.0673682
25.5970814,83.5797358
26.053297,82.6870026
25.3036115,82.9756862
25.3010439,83.0836343
25.6437776,82.920776
25.3052664,82.9864379
25.7396424,82.6656336
25.3512519,82.9779245
25.3563214,83.0096523
25.3484644,82.975772
25.3422395,82.9767966
25.3190508,82.9965833
25.3129735,82.9900937
25.3317015,83.0236682
25.2854642,83.1191824
25.9305332,82.0049501
25.3425037,82.9766236
25.3093752,83.0070332
25.2879096,83.001109
25.2537156,82.9964612
25.3804683,82.5691846
25.3438983,82.9881918
25.2896883,83.0042418
25.7392249,82.6874994
25.3039522,82.9867731
25.3552798,82.9655729
25.3592045,82.9591839
26.2664083,82.0744157
26.0574549,82.6841958
25.363961,83.0360573
25.3050931,82.9750063
25.1558133,82.5830014
24.6771185,83.0620486
25.350789,83.0037045
25.3400505,82.9920933
25.7330029,82.6725617
25.7355797,82.6953149
25.2831802,82.9699691
25.2826237,82.9706222
25.2886212,82.9940888
25.3091348,82.9838206
25.2836471,82.9714912
25.2821724,82.9919971
26.0229049,82.9230016
25.3060181,82.9371
26.0852507,83.2846813
26.2730487,82.0772918
25.2832627,82.9808334
25.3239083,83.0044448
26.2471333,82.0680146
25.3118509,83.0085801
25.3569528,83.0063143
25.260181,83.2550778
26.2525501,82.2279064
25.2960299,82.9434594
25.292644,82.9705367
25.153709,82.5721331
25.3509156,82.9768342
25.7496613,82.6933063
26.0783822,83.1723598
25.3021699,82.9313258
25.7380913,82.6632856
25.3188013,82.9920584
24.6777854,83.0628724
26.0766145,83.1816825
25.2579469,82.961565
25.7376672,82.6737405
25.7380768,82.6853894
25.2804967,82.9677971
25.3527657,82.96783
25.3605676,83.0265085
25.7801071,82.6904869
25.9372824,83.5682842
25.2831311,82.9684355
25.3543803,82.9624132
25.1456148,82.5711018
25.3213263,83.0129261
25.3757006,82.9161931
25.1517029,82.530469
25.2608414,83.2576293
26.2361256,82.0656809
26.2627557,82.069966
25.332967,83.0144739
25.3007101,83.0023755
25.2744502,82.9995149
25.3205662,83.0127322
25.2879707,83.004762
25.3109998,82.9868113
25.2788183,82.9996276
24.5520185,82.1264103
24.5310842,82.5708523
24.5620148,82.2454548
24.7785109,82.093446
25.0398593,83.6079633
25.292442,83.659746
25.2434211,83.7668332
25.9098683,82.7515923
26.1574109,83.3596833
26.1587026,83.9599858
25.3956644,82.5650775
26.0400073,83.0479925
25.2824618,83.1223165
25.9218299,81.9990201
25.7592013,82.6968142
26.0841225,83.9455864
26.1672645,82.3709553
26.0432547,83.2883379
25.3295693,82.4653718
25.4254554,83.6665595
25.9221279,81.9986835
25.1581063,82.9559425
25.9432027,83.5691249
25.1334662,82.8158741
25.7631436,83.1902173
24.6466978,83.0585021
26.218467,82.2821856
26.2244566,83.5894346
25.9840993,83.6205871
25.4215976,82.7122906
25.8158897,83.2969974
26.043524,83.2210077
26.0827457,83.1900376
25.1522759,82.5767586
25.340059,83.3494212
25.9046515,83.2049963
26.0637645,83.1833871
24.8279468,82.3259385
24.6961532,82.9544632
26.1613935,83.3393991
25.4912268,82.8273245
25.847722,82.2924364
25.5574522,83.5475761
25.3300687,82.4654724
25.5154329,82.6785283
25.6605677,82.235245
25.2589427,83.2734892
26.1161015,82.0410302
26.1262295,83.8708265
25.185554,82.6310129
25.6231259,83.7574824
25.6037091,83.1424512
25.9564898,83.5432845
25.0811096,83.0860993
25.5822075,83.5819539
26.1851542,83.4120964
25.3613519,83.1609303
25.6535266,82.9935095
25.1544088,82.5771099
25.9765307,82.7512108
25.3318796,82.9791974
25.287653,83.0018096
25.3841559,82.9046875
25.2947692,82.9713814
25.3799982,82.9939926
25.3293525,83.0178987
25.3458516,82.9962729
25.3527952,82.9819036
25.3790856,82.9758181
25.3528561,83.0018585
25.2791873,82.9988665
25.314058,82.956667
25.3097288,82.9909972
25.256901,82.9593747
25.3521054,82.9816775
25.3397137,82.9256749
25.2680252,82.8472511
25.3104055,82.9841904
25.2855147,82.9946911
25.3053488,82.986451
25.3508619,82.9760521
25.352927,82.9786969
25.3840791,82.9710842
25.2792438,83.0008893
25.3618976,82.9523441
25.3517441,82.9811912
25.3039498,82.9900586
25.360696,82.941177
25.360778,82.9506846
25.3603471,82.9485332
25.3071525,82.9931648
25.2622943,82.9656
25.306562,82.9750547
25.356267,82.953296
25.34965,83.004945
25.311236,82.986316
25.300271,82.994653
25.3119109,82.9865396
25.3646315,82.974667
25.35072,82.977243
25.2760391,82.9682885
25.3503004,82.9930871
25.2705135,82.7175129
25.3520678,82.9714491
25.3793331,82.9935422
25.2838042,82.9699867
25.3083121,82.9849165
25.2787979,83.0043951
25.331716,83.007717
25.350571,82.9886593
25.353663,83.0025949
25.2974834,82.9437303
25.3507954,82.9752551
25.300895,82.9534599
25.3042531,83.0029649
25.305723,82.984596
25.354029,83.004075
25.3650305,82.9593359
25.2977607,82.9924693
25.3161662,82.9679451
25.3350788,83.001357
25.350619,82.9705221
25.3242107,83.0031446
25.3535742,83.0039645
25.3276365,82.9903258
25.3051959,82.9937819
25.3023319,82.974999
25.302198,82.9644864
25.2584064,83.0366509
25.3538348,82.9778179
25.2653332,82.9654152
25.2576159,82.9611938
25.2470817,82.9510253
25.35316,82.983488
25.2562993,82.9599053
25.3150869,82.983205
25.3543255,82.9762314
25.3617698,82.9478768
25.3175707,82.9742152
25.2827533,82.9683006
25.2473308,82.9522276
25.2827214,82.9400178
25.2862554,82.9228527
25.330641,82.995829
25.3310155,83.0137611
25.2488922,82.9866484
25.2966727,82.9999593
25.313519,82.9678978
25.327632,83.027387
25.346699,82.996889
25.244814,82.951158
25.2699123,82.7185358
25.244372,82.979733
25.3655945,83.0255416
25.3620384,82.9461627
25.3498326,82.9920187
25.3650418,82.9745778
25.3600727,83.0200794
25.34992,82.9831869
25.3486582,82.967746
25.3497167,82.9911283
25.3623019,83.039967
25.3469853,82.9699986
25.3070243,82.9435133
25.3079915,82.9349485
25.3509938,82.9767235
25.2970026,82.9981729
25.293286,82.996088
25.2943269,82.9797908
25.283863,82.9792278
25.3010102,82.9468621
25.2584272,82.9635472
25.3038069,82.9592991
25.2626172,82.9649674
25.357824,82.9651728
25.275215,83.010057
25.3334913,82.9701359
25.287879,82.9529316
25.3580501,83.0069587
25.3334728,83.0025498
25.3621084,82.9541844
25.3203803,82.9866726
25.3001405,82.9945731
25.350184,83.022946
25.2580075,82.9615306
25.3044817,82.9781929
25.3040185,82.9536821
25.3331628,82.9907332
25.2710147,82.9670171
25.3528627,82.9831882
25.256328,83.0368468
25.351731,82.975836
25.3153178,82.9632672
25.2474055,82.9933785
25.2951669,83.0005744
25.3622038,82.9540022
25.3506287,82.9783479
25.305302,82.978926
25.314154,82.958277
25.311547,82.977666
25.3581659,82.9928698
25.3528259,82.9972908
25.2744193,83.010027
25.2637524,82.9635564
25.3491391,82.9918442
25.3104104,82.9853827
25.3502471,82.9781808
25.3088398,82.938513
25.3526203,82.9774508
25.3087773,82.9843883
25.2784619,82.9474918
25.3080296,82.986806
25.3505789,82.9775258
25.3257252,82.9845891
25.3502427,82.9905536
25.3432895,82.9883359
25.3253079,83.009261
25.2669629,82.9669399
25.3130492,83.0041467
25.3492833,83.0031583
25.4181117,82.0168496
25.3916212,81.9855914
25.4134092,82.0207496
25.4397526,81.99065
25.4396875,81.9915882
25.536083,82.062945
25.273134,81.9777463
25.4835843,81.9795278
25.371006,82.1143143
25.2154551,82.0803088
25.2194003,82.0844749
25.5200969,82.0355906
26.0491821,83.1703756
26.0534251,83.1819668
26.0631192,83.1842778
26.0817422,83.1791071
26.0736871,83.1851653
26.0531341,83.160314
26.0814335,82.8755807
26.0720095,83.2881841
26.191063,83.2266289
26.0784289,82.87869
26.0050772,83.0339536
26.1958501,83.2280537
25.8788237,83.1143567
26.0421294,83.2865082
26.0971471,83.1884299
25.8784535,82.9378104
26.0799086,83.1861017
26.0483921,83.1676821
26.0754935,83.1786517
26.0473743,83.1911903
26.078987,83.1909081
26.0799806,83.1745276
26.0407147,83.1594891
26.0425351,83.1913244
25.986887,83.0741923
25.9567882,83.2687737
26.0466322,83.1975419
25.8083568,82.996463
26.0012566,83.2050519
26.0031627,83.1098305
26.0887921,83.1877767
26.0463948,83.1906502
26.0797381,83.1747649
26.079445,83.174883
26.06634,83.0598851
26.0602871,83.1734903
26.0840151,83.2906805
26.0472821,83.1898257
26.0839749,83.1958064
26.0796793,83.1908379
26.0319008,83.1510706
26.0415792,83.1893758
26.0764148,83.1774245
26.0797262,83.1906621
25.9970077,83.0315667
26.1422591,83.2758897
26.0526241,82.9466104
26.0419295,83.185068
26.1839569,82.899226
26.0393854,83.1883752
25.9583235,83.2661692
25.9978065,83.0301602
26.1458809,83.3117016
26.0359397,83.1546397
25.8060626,82.9974483
26.0370609,83.1856143
25.7440802,82.9877976
26.1303858,82.8138697
25.9120071,83.1174408
26.0806877,83.1734281
26.0422692,83.1562316
26.0420667,83.1874925
26.0783167,82.8786717
26.0463876,83.1983435
26.05156,83.136324
25.7851858,82.8269968
26.0653229,82.9604012
26.0489504,83.0607211
26.1021842,83.00344
26.0927856,83.1981702
25.9979213,83.0293095
26.0758322,83.1793576
26.1325873,82.8134594
25.8672015,83.014136
26.0554641,82.8029103
26.0645219,83.1923277
26.055551,83.1552607
25.8002463,82.9978254
26.087803,83.1878737
26.2672135,83.1135104
26.046154,83.205506
26.0725385,83.0683707
26.2556796,83.1136922
26.0794087,83.187859
26.0164831,83.007195
26.090434,83.1677312
26.0499315,83.168257
25.8811965,82.9397455
26.0753005,83.1890616
26.0901813,83.1956793
26.1274477,83.2338015
26.0765239,83.1890273
26.0015308,83.1057611
26.088192,83.2899503
26.0242325,82.9223572
26.2015509,83.2308811
25.8151263,83.0019791
26.0482358,83.1706125
26.1788286,83.2136523
26.0485301,83.1858298
26.0708579,83.1904494
26.0758707,83.1790268
26.0784236,83.1888651
26.1980395,83.227438
26.0206374,82.9278277
26.2003606,83.2286608
26.0968961,83.1879355
25.2095222,82.7146077
25.1313825,82.5655466
25.9244828,83.5668777
24.8884202,82.6955288
26.3037309,83.0853731
26.0529221,82.6874616
25.208821,82.7205375
25.2930502,82.4120347
25.075292,82.7346402
25.0123088,82.3534872
26.3029975,83.0767205
25.1475101,82.5430396
25.2904068,82.4194962
25.1343525,82.5579949
25.7421703,82.6868267
24.867655,82.854619
26.0354969,83.3635257
25.2517659,82.7078779
25.1562249,82.5022372
25.2643224,82.554449
25.0853783,82.7393347
24.9376214,82.6707687
25.1425432,82.5651108
25.2803953,82.4380605
25.2103729,82.7156593
25.1847763,83.0125674
25.2068798,83.0273123
25.1104226,82.8726126
25.1529914,82.5785469
26.0482406,82.6817687
25.143348,82.581004
26.2999225,82.8015274
25.2383227,82.5133362
25.2391447,82.2230086
26.284537,83.5067026
25.9575102,83.5458596
26.0656671,83.3749465
25.290846,82.4176048
25.1537386,82.583363
25.7501958,82.7016531
25.1536954,82.582152
24.8718535,82.8469068
25.1527479,82.5803747
25.14936,82.589644
25.1514288,82.5721034
25.143625,82.5816
25.1341609,82.5774038
26.0672055,83.3860062
25.404588,82.8889598
25.1954228,82.7543392
26.3066885,83.0817227
26.2834401,83.5139654
24.5668162,82.0425324
24.4803944,82.0528818
24.5933511,82.2402085
24.3292822,83.8200875
24.4712875,83.5569382
24.4302745,83.4333871
24.339128,83.884071
24.318699,83.819043
25.2396887,82.5400581
25.5546501,83.9527848
25.1664533,83.6215685
24.9937965,83.4717772
25.1122912,83.4004126
25.2966378,83.8090385
25.8681413,83.8574746
25.8652342,83.8437996
25.3419332,82.9965688
25.3418788,82.9965688
25.3488532,82.9939339
25.3096308,82.9869371
25.2835693,82.9772326
24.690382,83.0642934
24.6890605,83.0733163
24.6886584,83.0767871
24.6881308,83.0789771
24.6884537,83.0792212
24.6874728,83.0831064
24.6896978,83.0735872
24.6914549,83.0740164
24.6955891,83.065487
24.6949665,83.0626344
24.6944889,83.0569294
25.2887662,82.9698746
25.2866299,82.9697772
25.2835644,82.9775989
25.2881709,82.9530004
25.2867201,82.9478795
25.2445223,83.4079986
25.2626063,82.9652149
25.2561281,82.9595368
26.2748124,82.4672074
25.3709988,82.9226736
25.3727466,82.9217026
25.3683162,82.9278569
25.3382721,82.2593063
25.2840233,83.004049
26.2700771,82.4692236
26.3091812,82.7377445
26.3136984,82.7414885
26.3133581,82.7327127
26.309314,82.7421592
26.3103689,82.7379157
26.3058316,82.73167
26.3110962,82.743997
26.3144969,82.7394591
25.2585875,82.9906952
26.2728374,82.0760323
25.2866254,83.0022485
25.260114,82.9840748
25.372645,82.9206447
25.3537948,82.9645101
25.3534119,82.9660879
25.2597613,82.9816132
25.2602222,82.9840375
25.2862557,82.9618939
26.3044123,83.0772909
25.3165471,82.9901107
25.3354881,82.9776355
25.8550399,83.865602
25.3158755,82.9887006
25.3100623,83.002923
25.297533,83.0010284
26.2666991,82.0748513
25.2949279,82.9727667
25.2626294,82.9917015
25.2611728,82.9924222
25.5525744,83.9645747
25.1324971,82.5776945
26.2619951,82.0747101
26.2650235,82.0748384
26.2720811,82.4687186
25.3028749,82.9734357
26.132733,83.8669181
26.3063088,83.0790391
25.1495833,82.5681398
25.3071541,83.01041
25.2835162,82.9553915
25.2842076,82.9694022
25.2832348,82.9998126
25.3084651,82.9996617
24.68821,83.0737643
24.6831981,83.0637207
25.047524,83.7939078
25.353802,82.9660667
25.2631683,82.9864439
26.3098124,82.7379881
26.3060617,83.0778299
25.3272515,82.9872035
25.9222593,81.9896706
25.2649609,82.9944309
25.8586434,83.8529402
25.2852466,82.9598616
25.3087075,82.9996409
26.3087278,82.7368962
26.2609438,82.0736675
25.2554619,82.9948113
25.2559324,82.9946257
25.3437407,82.9966106
25.3482738,82.993936
25.2901157,82.9704394
26.2685688,82.0760403
25.3501552,82.9933813
25.2884534,82.9720365
26.2759084,82.4718626
26.2617238,82.0686512
26.2607386,82.0699072
25.2819915,82.9999112
25.2958918,83.0032762
25.3361364,82.9794466
25.3366096,82.9830086
25.3776905,83.0213529
25.4282627,82.8899312
25.3025743,82.9732372
25.2979523,82.9722126
25.27516,83.0056573
26.006196,82.6160474
26.307754,83.0754486
26.1356991,83.8653561
25.3227835,82.8735272
25.288607,82.9992738
25.9292913,83.5714005
25.3293989,83.0442908
25.2801793,82.9909571
25.3743563,83.0262568
25.0213422,83.0278224
25.3051794,82.9964414
25.0213873,83.2427485
25.2991916,83.0049025
25.3099743,83.011962
25.2980456,83.0063908
25.2921104,83.0065838
26.1174243,83.6898213
26.2485024,82.486561
26.2522889,82.4881001
26.2530406,82.4911665
26.2508911,82.4870813
26.1968246,82.2111794
26.2453014,82.223769
25.2685343,82.9582801
25.2517365,82.8489246
25.2886232,82.9999048
25.2885797,83.0004672
25.3291461,83.0429214
25.2885325,82.9998897
25.2885421,82.999788
25.2125752,82.9546032
25.8576788,83.8473738
25.8557724,83.8534614
25.8515271,83.8565942
25.8511448,83.8579846
25.8517087,83.8585168
25.8618233,83.8722301
25.8624546,83.8591604
25.8632942,83.8556441
25.864275,83.8563737
25.2680001,82.9834711
25.3430568,82.9963122
25.3411449,82.9968867
25.3437837,82.9962581
25.340206,82.9964004
25.3371169,82.9961796
25.3367293,82.9962811
25.3380427,82.9950062
25.3353972,82.9963629
25.2538619,82.9550574
25.7673297,82.6716149
25.3013346,82.9685491
25.3109299,82.9884042
25.3095836,83.0041401
25.2988769,82.9698194
24.6899455,83.068082
24.6896874,83.0646823
24.6902821,83.0653314
24.69007,83.0654789
24.6890483,83.0722837
24.6886206,83.0780169
24.6879456,83.0807809
25.2865254,82.9480827
25.2936118,82.9366838
25.5199302,83.9026043
25.5127521,83.8942915
25.4242281,83.1815431
25.3899553,83.0220415
25.0604813,83.6846241
25.059742,83.6824123
25.2063346,83.0753133
25.2025028,83.0762031
25.2063044,83.0852474
25.2037199,83.0803287
25.1378649,82.5711188
25.1380089,82.5712511
25.2230036,82.5113531
25.2587684,82.9622215
25.3114543,83.0149345
25.550215,82.0819689
25.4887425,83.2411316
25.4888697,83.2420135
26.2757395,82.471526
25.3723887,82.9217537
25.4842416,83.2453765
25.4873267,83.2427481
25.3633341,82.9347098
25.4293709,83.2128426
25.364911,82.9329633
25.3533244,82.9665653
25.3535081,82.9644713
25.4885449,83.2463816
25.3543556,82.9670424
25.4620368,83.2485682
25.3536907,82.9663268
26.2735626,82.4700889
25.2866809,82.9969472
26.3112698,82.7350706
26.3136846,82.7322377
26.3138264,82.7345024
26.3084103,82.7383497
26.3076894,82.7422527
26.3149909,82.7387628
26.3130068,82.7353394
26.3095214,82.7342327
26.307901,82.7388883
25.2798908,82.9872339
25.2658428,82.9871087
26.2489347,82.0686288
25.3084009,83.0104732
25.3082437,83.0110826
25.7714538,82.3299511
25.2456972,83.3702127
25.6389923,82.5605543
25.6382313,82.5629849
25.4299814,81.8610072
25.4583316,81.8639091
25.4548525,81.8619289
25.4571147,81.8656686
25.4492569,81.8578098
25.4550626,81.8349598
25.4389955,81.8585493
25.4943395,81.8624154
25.4540569,81.8673507
25.4554516,81.8633732
25.4515721,81.8720321
25.4517357,81.8723434
25.4506044,81.8737826
25.4456327,81.8830037
25.4485167,81.8616121
25.4483036,81.8583077
26.1867562,81.680177
25.4921714,81.8645434
25.4547275,81.8334642
25.4571116,81.8352448
25.4524789,81.8369485
25.4065675,81.8679108
24.542921,81.2967838
26.2249032,81.240412
26.2240432,81.2405572
25.46223,81.8408364
25.463838,81.859026
26.3117434,82.7330267
26.2533939,82.0709106
25.4554364,81.8346715
25.4526592,81.8340924
25.4504642,81.8363247
25.4500252,81.8346828
25.454238,81.834923
25.4638906,81.8685714
25.4395737,81.8601102
25.4308661,81.8696222
25.4509157,81.8738052
25.4494547,81.8396055
25.4562764,81.8719369
25.4546405,81.8748663
25.4555483,81.8736007
25.4560368,81.8637866
25.4516574,81.873604
25.451503,81.8740761
25.4501805,81.8746119
25.4644911,81.8497076
25.4631397,81.8514024
25.4499854,81.8594878
25.4571872,81.8562956
25.4547575,81.8348243
25.45035,81.8323071
25.4016604,81.8692986
25.4518973,81.8349147
25.4499169,81.8342057
25.436335,81.8340632
25.4364805,81.8340787
25.3986363,81.8740825
25.3985122,81.874378
25.4558061,81.8354896
25.4364995,81.8409951
25.4364808,81.8410678
25.4530143,81.8367566
25.4525146,81.836957
25.3797685,81.8461126
25.4646157,81.8665323
25.4641834,81.8653992
25.3940224,81.8609955
25.4368027,81.8228033
25.4520481,81.8351929
26.3510197,82.2292754
26.2753346,82.4711766
26.275178,82.4711322
26.2181935,81.2434028
25.46547,81.8715912
25.4638403,81.8655001
26.3117913,82.7310086
26.315143,82.7329784
26.313073,82.7366084
26.315057,82.7369626
26.315024,82.7399212
25.4555766,81.8340272
25.4555771,81.8340099
25.4320255,81.8224764
25.4510376,81.8737839
26.2746039,82.472006
26.226386,81.2389651
26.2185531,81.2434819
25.4546929,81.8344152
25.4527005,81.8346442
25.4572438,81.8600908
25.4539899,81.8348188
24.9230633,81.6863035
25.2965602,82.4048177
25.4513777,81.8738372
25.4244733,81.9549917
25.4247331,81.9560108
25.4555483,81.8746979
25.4561013,81.8710948
25.4571289,81.8736109
25.4512381,81.8726547
25.4568659,81.8651072
25.448168,81.8612474
25.4498963,81.8626464
25.4587024,81.8568297
25.458673,81.8587279
25.4565644,81.8598892
25.0182224,82.3601259
25.4033317,81.8682416
25.4029389,81.8691933
25.4071555,81.8674795
25.4012194,81.8689299
25.3907765,81.8627541
25.4505795,81.8304807
25.450402,81.8315022
25.4026598,81.8686437
25.4110742,81.8429396
25.3990652,81.8632979
25.3997775,81.8670336
25.451436,81.8324604
25.4559442,81.8355087
25.4571074,81.8352164
25.455148,81.8374386
25.4519558,81.8349982
25.4520503,81.8352836
25.4065503,81.8679293
25.4025606,81.8695416
25.4023521,81.8695444
25.4029997,81.8692041
26.2753215,82.4711415
26.2752273,82.4714497
26.2714313,82.4679498
26.2187975,81.2414488
25.4642037,81.8697354
25.4633995,81.8649332
25.4623529,81.8663355
26.2713297,82.4674623
25.4463673,81.8521893
26.3131277,82.7334572
26.3126076,82.7416851
26.3091471,82.7429973
26.3117197,82.7337101
26.309185,82.7426841
26.3132223,82.7350224
26.3128732,82.7391876
26.3146034,82.7347176
26.3150284,82.7426925
26.3141557,82.7391961
26.3134044,82.7376214
26.310164,82.7368172
26.3078873,82.7368764
26.3088435,82.7380955
26.308206,82.7408724
26.2654591,82.0733727
26.2641184,82.0744097
26.2632883,82.0713928
26.2609116,82.0731751
26.2640745,82.0740397
26.2754207,82.0775066
25.451402,81.8348756
25.2666213,82.4916082
25.4492806,81.8396079
25.3921262,81.8637123
25.4555439,81.8341134
25.4552933,81.8350288
25.4310062,81.8035913
24.8255926,81.6569452
25.3557289,81.8345556
25.4520214,81.8325737
25.4523915,81.8329197
25.4556441,81.8356801
25.454654,81.8348355
25.1347712,82.5837674
25.4278749,81.845574
25.4269006,81.8424545
25.0474623,82.5955628
25.9220681,81.9871872
25.9245794,81.9958664
25.9153964,81.9857777
25.2824656,81.7837182
26.3838773,82.5193776
26.4225938,82.4032429
25.4021586,81.8661369
25.4934602,81.8659358
25.460677,81.8507455
25.45912,81.8516844
25.459239,81.8508497
25.463824,81.860378
26.3111095,82.732286
25.3837236,81.1476114
25.397572,81.757321
26.2288262,81.2482871
25.46388,81.863747
26.2211758,81.2320231
26.2211417,81.2414444
25.8549409,81.4317031
25.4634204,81.8694258
25.4624131,81.8660854
26.3143395,82.7422626
26.3069148,82.7371449
26.3145414,82.7328641
26.2642691,82.0750796
26.2635463,82.0717077
25.4575978,81.857252
25.4653342,81.8617836
26.0117004,82.6200762
25.4891099,81.6273379
26.2653894,82.6694487
25.4392297,81.8598465
25.4427989,81.8606813
25.3988181,81.8624972
25.4539878,81.8589719
26.2547775,82.4913004
26.2506935,82.4888657
26.2652428,82.4900412
26.2100234,82.2161681
26.3680777,82.5120575
25.3416207,82.4801506
25.4232958,81.8231352
25.4241104,81.8052668
25.4556312,81.8777388
25.4497955,81.8600114
25.4576206,81.8569272
25.4575978,81.8455433
25.4295784,81.8263182
25.3768568,81.8526759
25.3777098,81.8532124
25.3772445,81.852971
25.3773996,81.8527081
25.3759407,81.8515279
25.3794086,81.8446829
25.3779388,81.8441505
25.3787482,81.8446038
26.2732341,82.4698801
25.4625916,81.8405524
25.4620292,81.8614059
25.4652799,81.8617506
25.4485955,81.8449649
25.4477174,81.8444478
26.3088283,82.7333133
26.3087999,82.7339906
25.7712723,82.3290009
25.3613416,81.8387521
25.3957121,81.7583556
25.4649427,81.8603052
25.4624693,81.8592971
25.4653472,81.8606365
25.4388788,81.8582634
25.4982624,81.8628931
25.4183563,82.0160124
24.8252134,81.6571102
26.3658473,82.5107809
25.1509743,82.3388427
25.7867525,82.2316079
25.3776359,81.8447178
25.6100814,81.419512
25.3510857,82.2285834
25.3405993,82.2541342
26.2651535,82.0725631
25.442863,81.8670851
25.465973,81.86197
25.466971,81.862945
25.461064,81.826185
25.3900038,81.8634397
25.4016688,81.8693103
25.4017337,81.8693735
25.4020271,81.8697262
25.401167,81.8684867
25.4570374,81.8352544
25.3769574,81.8488699
25.4646294,81.870656
25.4622069,81.8563931
25.4510273,81.8304552
25.4620946,81.8653888
25.4619518,81.8459346
25.4657182,81.8569019
25.4389773,81.8582096
25.4920966,81.8648709
25.4303516,81.8289879
25.4302684,81.8282172
25.4947383,81.8621768
25.4096906,81.9108845
26.4270799,82.5332629
25.4575837,81.835317
25.4684687,81.8563101
25.4508371,81.8748722
25.4480711,81.8590286
25.456723,81.8658677
25.4575064,81.8642422
25.8525248,81.4309574
25.0190209,82.362836
25.390893,81.8635954
25.3907074,81.8636433
25.3921424,81.863717
25.3880304,81.8659736
25.4511585,81.8296072
25.4497735,81.8362295
25.4507995,81.8331265
25.4013801,81.8691015
25.4378512,81.8405429
25.4380087,81.8407068
25.4557056,81.8361265
25.3768992,81.8489718
25.4720869,81.8682392
25.3924517,81.8638002
25.392236,81.8637364
24.9983342,82.075717
26.2720615,82.4689125
26.224393,81.2405744
25.4657711,81.8719984
25.4635254,81.8658128
25.4656341,81.8568128
26.2730429,82.4699582
26.2703444,82.4690031
26.2702763,82.4692681
25.4422,81.8837572
26.3104868,82.7345646
26.3093032,82.7411386
26.3098058,82.7345057
26.2639163,82.0742575
25.4517323,81.832585
25.447911,81.8343737
25.4514279,81.8301846
25.4551349,81.8350008
25.4394997,81.8597543
24.5531823,81.3043696
25.4549816,81.8574438
24.5439295,81.3025054
25.4661464,81.8443251
25.4502705,81.8590102
26.2160493,81.2422067
25.4613291,81.8438295
25.3901604,82.567336
25.735593,82.6994187
26.2191335,81.2409181
25.386875,82.5805774
25.7468347,82.6938939
25.4125248,82.0312985
25.4266104,81.8268836
25.4429561,81.828429
25.91725,81.9930951
25.4633446,81.8484825
25.1656969,80.8633152
26.255524,82.063031
25.3987077,82.5677691
25.7454716,82.6816966
25.4757592,82.5690023
25.7279201,82.68985
25.4615794,82.4083479
25.3344185,82.7890876
25.4654018,81.8332046
25.4680377,81.8243661
25.4497628,81.8604552
25.4546773,81.8513656
25.4384364,81.8394688
25.4470887,81.8615844
25.2882993,82.4267406
26.4118646,82.5460989
26.2228831,81.2293779
25.4642043,81.8264642
26.2161828,81.2424763
25.4509899,81.8619747
25.7175285,81.5209707
25.4509687,81.7807775
25.4500332,81.7662426
25.9191419,81.9844577
25.4495004,81.762112
25.455994,81.8527398
25.3956777,81.8627411
24.9915414,82.0689514
26.2262798,81.2204131
25.4413515,81.8650706
25.2845053,82.4361156
25.3867334,82.5821934
25.4782611,81.8606785
25.425308,81.912422
25.4839218,81.8769177
25.4088946,81.9177673
25.2098447,80.9159527
25.4541694,81.8603227
25.2150229,80.9154697
25.4391012,81.8381289
24.9265262,82.6758657
24.5525213,81.3038197
24.8180648,81.5369231
25.4559036,81.873128
25.4004424,81.8678011
25.4663303,81.830858
25.3797806,81.8456445
25.2232689,82.5111671
25.455127,81.841359
25.2141844,80.9179667
25.4581097,81.8382351
25.4012539,81.868973
25.4549389,81.8710772
25.2182741,80.9249137
25.213241,80.917816
24.5445537,81.3214513
24.68158,81.719768
25.406536,81.8678942
25.452133,81.8350271
25.4395135,81.8598341
25.2170718,80.9197973
25.4558325,81.8345712
25.4969605,81.8684147
25.4573983,81.8541354
25.436294,81.8465893
24.533543,81.2972506
25.4456103,81.8448926
25.4248667,81.9247846
24.5753764,80.8518943
24.5432457,81.3010758
25.4534639,81.8558676
24.5456142,81.3125329
24.5456081,81.3161512
24.5767394,80.8492141
24.5480405,81.3059936
25.1339452,82.5781942
26.2629362,82.0750688
25.7470184,82.6795542
25.437487,81.8450908
25.3848185,82.5858783
25.7367334,82.6761398
25.4382354,81.8445128
26.4355638,82.5496562
25.452294,81.86083
26.2513059,82.0689379
25.4583031,81.8403155
25.4412243,81.8162088
25.4025358,81.8692489
25.4423942,81.8092552
25.3852492,81.8741452
25.3869981,82.592479
25.4537711,81.8426618
25.4539839,81.8402796
25.4767798,81.850069
25.4517419,81.8617031
25.4680026,81.8288192
25.1379724,82.5761953
25.7354553,82.6797527
26.2345992,81.2409367
25.4559399,81.8616736
25.4431995,81.8715656
25.3945146,82.566994
25.4729624,81.845818
25.4485522,81.853981
25.4394217,81.8572433
25.4327624,81.8176049
25.7399794,82.6845337
25.7568582,82.694088
25.4410889,81.8629107
25.4502288,81.7779974
26.2456502,82.0673682
25.4375479,81.8433035
25.4327503,81.7877697
25.4598731,81.865886
25.4458415,81.8525072
26.053297,82.6870026
25.4613007,81.8338403
25.7396424,82.6656336
25.4544846,81.8572352
25.4592004,81.8383109
25.4639609,81.8480064
25.9305332,82.0049501
25.4443541,81.8734278
26.2196384,81.2416332
25.3804683,82.5691846
25.7392249,82.6874994
25.4577165,81.8638489
25.4315028,81.8501569
25.5324295,81.8539981
25.5275209,81.8537596
26.2664083,82.0744157
26.0574549,82.6841958
25.4526682,81.8558304
26.1639279,80.9699236
25.1558133,82.5830014
25.4542981,81.861392
25.4490511,81.7508575
25.7330029,82.6725617
25.4305145,81.8182694
25.7355797,82.6953149
25.455078,81.8636557
25.4652873,81.848852
25.5225384,81.8654629
25.4467048,81.8536506
25.8951054,81.9491571
26.2081662,81.2423535
25.4814152,81.6709769
25.4528057,81.838245
26.2730487,82.0772918
25.2884224,81.9295375
25.4527421,81.7801378
25.5601363,81.4858512
26.2471333,82.0680146
25.4601867,81.8657197
25.4530579,81.8561448
25.2851738,81.9339886
25.4434163,81.8666491
26.2525501,82.2279064
25.4529673,81.8619901
25.153709,82.5721331
25.4573823,81.8597652
25.7496613,82.6933063
25.474104,81.8517905
26.3501557,81.0447907
25.4491387,81.8545359
25.7380913,82.6632856
25.45784,81.8711485
25.4024268,81.8696527
25.4503565,81.7667388
25.7376672,82.6737405
25.7380768,82.6853894
25.4662808,81.8269953
25.3474587,81.8309348
25.7801071,82.6904869
25.1456148,82.5711018
25.1517029,82.530469
26.2361256,82.0656809
26.2627557,82.069966
25.4498431,81.7643604
25.4591151,81.8613611
24.6590071,81.5498641
24.5520185,82.1264103
24.7798399,81.0522114
24.5310842,82.5708523
24.5374368,81.6527409
24.5620148,82.2454548
24.6703762,81.8680653
24.4490322,81.2158708
24.7785109,82.093446
24.5567917,80.9755576
24.7763374,81.2991902
24.8851037,80.9580293
24.8018922,80.9700014
24.8298723,81.0224748
24.7361756,80.8644866
24.9807215,81.6430749
25.9098683,82.7515923
25.3956644,82.5650775
25.7704506,81.1026433
25.5254054,81.3811626
25.9218299,81.9990201
25.7592013,82.6968142
25.6193924,81.688077
26.1672645,82.3709553
25.3295693,82.4653718
25.9221279,81.9986835
25.5221057,81.0996138
25.1334662,82.8158741
26.218467,82.2821856
25.4215976,82.7122906
25.3377645,81.3499604
25.4402567,81.8277544
25.1522759,82.5767586
24.8279468,82.3259385
25.4912268,82.8273245
26.1926847,81.9201538
25.847722,82.2924364
25.3300687,82.4654724
25.5154329,82.6785283
25.6605677,82.235245
25.4392781,81.8285215
26.1161015,82.0410302
25.185554,82.6310129
26.221947,81.2372392
26.3852081,81.271074
25.6474311,81.3198325
25.1544088,82.5771099
25.9765307,82.7512108
25.4997681,81.8638247
25.2705135,82.7175129
25.2699123,82.7185358
25.5281738,81.8539012
25.437135,81.8495489
25.4617973,81.8343315
25.240754,81.9511813
25.446226,81.8513037
25.4538532,81.8287271
25.3928078,81.8415411
25.4522464,81.8754118
25.4149498,81.8622496
25.4380966,81.944851
25.3883985,81.8655549
25.4243952,81.9166825
25.2015561,80.873401
25.3710461,81.5035521
25.3870321,81.8760138
25.4201104,81.8203849
25.4181117,82.0168496
25.4382939,81.9445669
25.3916212,81.9855914
25.4508612,81.863376
25.5236604,81.8635059
25.5240056,81.8628694
25.401985,81.8387037
25.4509049,81.9540922
25.2339589,81.7884697
25.4254753,81.91995
25.3641431,81.880636
25.4213375,81.3112121
25.4410709,81.8271627
25.4292556,81.9119268
25.3813947,81.3248318
25.4288679,81.9330948
25.2138143,80.9082876
25.4523347,81.8652883
25.528667,81.396467
25.3839362,81.9600568
25.4280582,81.9133898
25.2223181,80.917415
25.4138395,81.8413476
25.4261667,81.8160399
25.462755,81.959532
25.4755837,81.855608
25.4134092,82.0207496
25.4470513,81.8739577
25.4277359,81.9165058
25.4397526,81.99065
25.4342516,81.8564318
25.5243217,80.9159954
25.2851799,81.8021312
25.416381,81.9259227
25.4560263,81.8605871
25.434963,81.760538
25.458273,81.830956
25.2782143,81.9686325
25.389825,81.8773642
25.3954569,81.8728768
25.4408369,81.817462
25.3952126,81.8791742
25.4353356,81.9071495
25.4259448,81.8192878
25.4522178,81.8753068
25.0675719,81.0979091
25.4481651,81.8327085
25.2724139,81.8017832
25.282758,81.9634561
25.3152351,81.9224389
25.4396875,81.9915882
25.2058984,80.9846888
25.422192,81.9252478
25.5238863,81.8642808
25.3840322,81.8404546
25.3147827,81.9232142
25.3685133,81.8397003
25.4368037,81.8480338
25.2762732,81.7992444
25.3227665,81.8236973
25.536083,82.062945
25.423565,81.821401
25.4449666,81.8655277
25.4219169,81.9319388
25.396483,81.8610897
25.4313079,81.9052803
25.273134,81.9777463
25.4158157,81.8637674
25.4389469,81.1844526
25.4803387,81.653724
25.542523,81.892178
25.4394355,81.8578003
25.4835843,81.9795278
25.4468425,81.9503839
25.4318447,81.9035617
25.371006,82.1143143
25.4368704,81.8512959
25.381536,81.8628506
25.326149,81.457806
25.4559557,81.8578098
25.431753,81.80462
25.4218951,81.9324259
25.4138123,81.8449322
25.4552704,81.8713003
25.2245897,80.9208026
25.4256662,81.9124812
25.2313912,80.9234735
25.3845107,81.1473679
25.2491271,81.296313
25.5094044,81.3818159
25.451895,81.4289259
25.3574355,81.8850736
25.4579215,81.861614
25.4248375,81.9249025
25.3961824,81.8701322
25.3893016,81.4735145
25.4968506,81.8622913
25.4253647,81.9152818
25.4324027,81.8457465
25.4289,81.9123028
25.4316967,81.9034381
25.2154551,82.0803088
25.3465349,81.8945467
25.4625214,81.8425879
25.4396577,81.8270452
25.4253981,81.8182801
25.3840477,81.1897341
25.4697296,81.8428384
25.2152909,80.9329047
25.1981809,81.5066167
25.4341047,81.8148321
25.4505861,81.8552305
25.4399044,81.2149441
25.4287398,81.8161335
25.4613291,81.8650796
25.4236777,81.9072118
25.4356527,81.7567907
25.2194003,82.0844749
25.5001737,81.8563686
25.451274,81.833165
25.2129486,80.9505987
25.1667394,81.5165074
25.1880765,80.8715267
25.3488454,81.860773
25.4543639,81.8624484
25.4282806,81.9350397
25.4277663,81.8216437
25.4760522,81.8485389
25.5200969,82.0355906
25.430112,81.8468066
25.3895338,81.8835772
25.3712627,81.5035065
25.3178464,81.9189388
25.5241135,81.8533742
25.3775274,81.5088235
25.403402,81.8400838
25.1640386,80.8666166
25.4305559,81.7934122
25.4282064,81.9148584
25.391022,81.8476873
25.2083225,80.9129335
25.4587093,81.8654845
26.1303858,82.8138697
25.7851858,82.8269968
26.1325873,82.8134594
26.0554641,82.8029103
25.2095222,82.7146077
25.1313825,82.5655466
24.8884202,82.6955288
26.0529221,82.6874616
25.208821,82.7205375
25.2930502,82.4120347
25.075292,82.7346402
25.0123088,82.3534872
25.1475101,82.5430396
25.2904068,82.4194962
25.1343525,82.5579949
25.7421703,82.6868267
25.2517659,82.7078779
25.1562249,82.5022372
25.2643224,82.554449
25.0853783,82.7393347
24.9376214,82.6707687
25.1425432,82.5651108
25.2803953,82.4380605
25.2103729,82.7156593
25.1529914,82.5785469
26.0482406,82.6817687
25.143348,82.581004
26.2999225,82.8015274
25.2383227,82.5133362
25.2391447,82.2230086
25.290846,82.4176048
25.1537386,82.583363
25.7501958,82.7016531
25.1536954,82.582152
25.1527479,82.5803747
25.14936,82.589644
25.1514288,82.5721034
25.143625,82.5816
25.1341609,82.5774038
25.1954228,82.7543392
24.6040792,81.7592873
24.5668162,82.0425324
24.5662241,81.6112838
24.541747,81.3027766
24.5349627,81.2950594
24.6032724,81.7552655
24.5340084,81.2925996
24.5449857,81.324783
24.4803944,82.0528818
24.4816841,81.8665903
24.6531806,81.5417735
24.7781513,81.4919832
24.541425,81.2974192
24.546752,81.30314
24.531,81.302569
24.555041,81.311902
24.6025927,81.752993
24.5458214,81.3442548
24.5467914,81.3040351
24.5329905,81.3054582
24.5425904,81.3051493
24.550686,81.305182
24.5440152,81.3322698
24.5449513,81.326447
24.5393915,81.3149319
24.5391287,81.2855601
24.5404218,81.2969442
24.531427,81.302142
24.5388639,81.3162646
24.527068,81.301322
24.549168,81.30681
24.5933511,82.2402085
24.5633864,81.3059571
24.5432719,81.3002593
24.536232,81.295076
24.5427713,81.2977458
24.539789,81.285862
24.5525659,81.3044394
24.5553636,81.3448773
24.9952259,81.6278607
24.603695,81.758029
25.2396887,82.5400581
26.3682772,82.5121353
25.4231809,81.8207891
25.4265647,81.8213236
24.8987622,81.726733
25.4565604,81.8724457
25.4486124,81.8631387
25.4562645,81.8661688
25.4566907,81.8640202
25.4479161,81.862758
25.8509317,81.4367805
25.461355,81.4178848
25.3962564,81.7567664
25.453546,81.8831234
26.2748124,82.4672074
25.3382721,82.2593063
25.4610187,81.865585
26.2700771,82.4692236
26.3091812,82.7377445
26.3136984,82.7414885
26.3133581,82.7327127
26.309314,82.7421592
26.3103689,82.7379157
26.3058316,82.73167
26.3110962,82.743997
26.3144969,82.7394591
26.2728374,82.0760323
25.4570525,81.859844
25.4578081,81.8604743
25.455336,81.83498
26.3416975,82.8338832
25.3988819,81.8660657
25.3989323,81.866135
25.4506084,81.8347766
25.4057037,81.8727756
25.4507665,81.8347685
25.2136618,80.9081074
25.4002398,81.8681375
25.4367274,81.8227942
25.3996331,81.8712613
25.3996143,81.8710681
25.3924356,81.8632567
25.3925491,81.8611427
25.4064042,81.8681171
25.4548463,81.8344064
25.4379077,81.8442304
25.4384929,81.8404756
26.2666991,82.0748513
25.4501987,81.8323015
25.4009826,81.8682792
25.3944963,81.8568354
25.399807,81.8670167
25.4523887,81.8329291
25.1324971,82.5776945
25.4464493,81.8691258
25.468299,81.8546445
25.4699967,81.8624486
26.2619951,82.0747101
26.2650235,82.0748384
25.448026,81.824039
26.2720811,82.4687186
25.4478206,81.8398891
25.4372308,81.8330585
25.1495833,82.5681398
25.4626401,81.8432613
25.285155,81.935218
25.4577599,81.869752
25.2137673,80.9059314
25.2134118,80.9076259
25.4636452,81.8691271
26.3098124,82.7379881
25.441564,81.8358936
25.4659454,81.8643957
25.4381821,81.857905
25.3946463,81.8604901
25.9222593,81.9896706
25.4025814,81.8702212
26.3087278,82.7368962
26.2609438,82.0736675
25.4190396,81.8205054
25.4179287,81.8199845
25.4560944,81.8737773
25.4567879,81.8748663
25.4553824,81.8744632
25.4023112,81.8664132
26.2266916,81.2347593
26.2685688,82.0760403
25.3838019,81.1468182
25.8520758,81.4340795
25.5741591,80.949049
26.2759084,82.4718626
26.2617238,82.0686512
26.2607386,82.0699072
25.9405942,81.9594536
26.006196,82.6160474
25.4383709,81.8576908
25.4389135,81.8583305
25.4395285,81.8611474
25.4430158,81.8669352
26.4352202,82.7713412
26.231519,81.236954
25.1611936,80.8661729
25.4229332,81.8252101
25.7702022,81.4935431
25.4302038,81.8616448
26.2485024,82.486561
26.2522889,82.4881001
26.2530406,82.4911665
26.2508911,82.4870813
26.1968246,82.2111794
26.2453014,82.223769
25.4175267,81.8209209
25.420068,81.8206816
25.4284062,81.8289071
25.4315094,81.8340154
25.7673297,82.6716149
25.4192682,81.8278972
25.4247433,81.8070071
25.4254546,81.8073659
25.4241416,81.8051516
25.4267819,81.8073823
24.5382768,81.2930088
25.4561194,81.8796682
25.4546917,81.8775094
25.4335836,81.879161
25.4325314,81.8777211
25.4351846,81.8795208
25.4574805,81.844735
25.4568935,81.8609538
25.4582853,81.8559853
25.4478153,81.8631657
25.457979,81.8600523
25.4569247,81.8635781
25.4564027,81.8652399
25.8524596,81.4306731
26.413781,82.7769246
25.4188127,81.8501615
25.3988608,81.87391
25.3773639,81.5246024
25.3775038,81.5122166
25.3756015,81.8506643
25.3760425,81.8501627
25.3741256,81.8503015
25.3783544,81.8475154
25.1378649,82.5711188
25.1380089,82.5712511
25.2230036,82.5113531
26.3460934,82.2357053
25.550215,82.0819689
25.4339155,81.9011858
26.2757395,82.471526
26.2735626,82.4700889
25.4567203,81.8834736
26.2207984,81.2369719
25.4580229,81.8751195
25.4645421,81.8669907
25.4615596,81.866378
25.4583919,81.8743161
26.3112698,82.7350706
26.3136846,82.7322377
26.3138264,82.7345024
26.3084103,82.7383497
26.3076894,82.7422527
26.3149909,82.7387628
26.3130068,82.7353394
26.3095214,82.7342327
26.307901,82.7388883
26.2489347,82.0686288
25.7714538,82.3299511
25.6389923,82.5605543
25.6382313,82.5629849
25.4292236,81.8850181
25.4319911,81.8843915
25.4274773,81.8854753
25.4331562,81.8816203
25.4346428,81.883096
25.455111,81.841404
