Amenity Type,latitude,longitude,label
bar,28.6332767,77.2238762,0
bar,28.6415015,77.2160786,0
bar,28.6314049,77.2204463,0
bar,28.6384132,77.2104056,0
bar,28.6411301,77.212683,0
bar,28.6339043,77.2208954,0
bar,28.5998657,77.2261108,0
bar,28.6307208,77.2210523,0
bar,28.5999612,77.2262647,0
bar,28.6306047,77.2198405,0
bar,28.6314083,77.220584,0
bar,28.6296803,77.2220055,0
bar,28.5844433,77.2266538,0
bar,28.5748429,77.2380497,0
bar,28.6311254,77.2209039,0
bar,28.6310486,77.2207857,0
bar,28.6301159,77.2197367,0
bar,28.6318318,77.2168187,0
bar,28.6301911,77.2197452,0
bar,28.5999324,77.226627,0
bar,28.6329337,77.2226935,0
bar,28.6345412,77.2213209,0
bar,28.6334057,77.222623,0
bar,28.6291592,77.2197557,0
bar,28.5886555,77.1691254,0
bar,28.6344996,77.2175963,0
bar,28.6467989,77.1893561,0
cafe,28.6428339,77.186576,1
cafe,28.6410051,77.2125387,1
cafe,28.6407272,77.2111472,1
cafe,28.6321974,77.2177075,1
cafe,28.6002007,77.2273465,1
cafe,28.5681853,77.2192919,1
cafe,28.6318506,77.2163093,1
cafe,28.6626659,77.2339069,1
cafe,28.6016349,77.1859966,1
cafe,28.6302915,77.2204826,1
cafe,28.6409134,77.2104527,1
cafe,28.6409875,77.2128901,1
cafe,28.6269741,77.2202933,1
cafe,28.5997702,77.2261911,1
cafe,28.5798966,77.2220134,1
cafe,28.6417215,77.2147806,1
cafe,28.6314625,77.2206262,1
cafe,28.645479,77.2163699,1
cafe,28.6504719,77.2303091,1
cafe,28.5849603,77.2266279,1
cafe,28.6334848,77.2181289,1
cafe,28.6131498,77.2426321,1
cafe,28.6491519,77.232748,1
cafe,28.6315876,77.2222789,1
cafe,28.5744593,77.2291993,1
cafe,28.6343655,77.2179596,1
cafe,28.64467,77.2402214,1
cafe,28.6339716,77.2180188,1
cafe,28.650606,77.2295833,1
cafe,28.6303838,77.2207212,1
cafe,28.5784821,77.2383126,1
cafe,28.6343528,77.2220221,1
cafe,28.6299698,77.2229648,1
cafe,28.6330613,77.2198505,1
cafe,28.6383221,77.1805949,1
cafe,28.6309899,77.2218384,1
cafe,28.6343112,77.2194624,1
cafe,28.6336036,77.2178165,1
cafe,28.6343601,77.2182711,1
cafe,28.6405754,77.2117485,1
cafe,28.587778,77.1675315,1
cafe,28.6514487,77.1591527,1
cafe,28.6288925,77.2186728,1
cafe,28.6342664,77.2180918,1
cafe,28.6090339,77.2296678,1
cafe,28.5671729,77.213153,1
cafe,28.6357531,77.2205669,1
cafe,28.6296999,77.1797945,1
cafe,28.600863,77.2270634,1
cafe,28.6267988,77.2197099,1
cafe,28.6301326,77.2199077,1
cafe,28.6339819,77.2185238,1
cafe,28.5903723,77.2524954,1
cafe,28.5998699,77.2263436,1
cafe,28.6002371,77.2274371,1
cafe,28.6331479,77.2196843,1
cafe,28.5997174,77.2261777,1
cafe,28.5997717,77.2261395,1
cafe,28.633884,77.2184716,1
cafe,28.6452103,77.1954815,1
cafe,28.6534474,77.2399354,1
cafe,28.632997,77.2190193,1
cafe,28.6310504,77.2219404,1
cafe,28.645817,77.2154412,1
cafe,28.6347571,77.2184665,1
cafe,28.5908601,77.2563801,1
cafe,28.6328859,77.2227714,1
cafe,28.6482157,77.2001362,1
cafe,28.588688,77.1691745,1
cafe,28.588414,77.1686436,1
cafe,28.5886031,77.1689683,1
cafe,28.5885827,77.1690539,1
cafe,28.5884966,77.1688106,1
cafe,28.5881876,77.1682611,1
cafe,28.5879768,77.1688142,1
cafe,28.5878444,77.1675983,1
cafe,28.5878311,77.1675464,1
cafe,28.5877303,77.1672874,1
cafe,28.588064,77.1679012,1
cafe,28.5880537,77.1679015,1
cafe,28.5876277,77.1686816,1
cafe,28.5877898,77.1684033,1
cafe,28.5880515,77.1682334,1
cafe,28.5880081,77.1677761,1
cafe,28.5879971,77.1677583,1
cafe,28.5882442,77.168369,1
cafe,28.5875478,77.1686825,1
cafe,28.5875721,77.1685498,1
cafe,28.6333646,77.2226483,1
cafe,28.5875537,77.1686987,1
cafe,28.5870102,77.1704721,1
cafe,28.5931893,77.1645815,1
cafe,28.6440611,77.2014836,1
cafe,28.6610786,77.2273116,1
cafe,28.6188178,77.178503,1
fast_food,28.6457998,77.1722681,2
fast_food,28.6438105,77.1910019,2
fast_food,28.6388435,77.1838163,2
fast_food,28.6424922,77.1762685,2
fast_food,28.6562865,77.2341095,2
fast_food,28.6563937,77.2316218,2
fast_food,28.6350182,77.219418,2
fast_food,28.6561924,77.2306625,2
fast_food,28.6331146,77.2179776,2
fast_food,28.5883459,77.2536911,2
fast_food,28.656457,77.2300677,2
fast_food,28.657401,77.2231422,2
fast_food,28.6405917,77.2108939,2
fast_food,28.6301576,77.2197258,2
fast_food,28.6336816,77.2210924,2
fast_food,28.5853563,77.1915395,2
fast_food,28.5839783,77.1915598,2
fast_food,28.6467705,77.2129317,2
fast_food,28.6322738,77.2162739,2
fast_food,28.5696026,77.1938516,2
fast_food,28.5683377,77.1889265,2
fast_food,28.630206,77.2200866,2
fast_food,28.6320509,77.2163058,2
fast_food,28.6560137,77.2334875,2
fast_food,28.5679494,77.24126,2
fast_food,28.6297305,77.2201372,2
fast_food,28.6317854,77.2159495,2
fast_food,28.6270891,77.2197178,2
fast_food,28.63412,77.2222423,2
fast_food,28.6321991,77.2163026,2
fast_food,28.5702091,77.2375367,2
fast_food,28.6563366,77.2318879,2
fast_food,28.5761428,77.1950445,2
fast_food,28.576488,77.1949983,2
fast_food,28.5761271,77.1950032,2
fast_food,28.5762197,77.1950079,2
fast_food,28.6342788,77.2176384,2
fast_food,28.6006978,77.2273002,2
fast_food,28.6429706,77.2226296,2
fast_food,28.6316182,77.2222311,2
fast_food,28.5859501,77.2136701,2
fast_food,28.6421748,77.2183515,2
fast_food,28.6310681,77.2147904,2
fast_food,28.6315538,77.2162363,2
fast_food,28.6333172,77.2226137,2
fast_food,28.6440134,77.20095,2
fast_food,28.5688043,77.2473905,2
fast_food,28.5670067,77.2468669,2
fast_food,28.5665923,77.2466439,2
fast_food,28.5691758,77.2405932,2
fast_food,28.633622,77.2222396,2
fast_food,28.6496555,77.232837,2
fast_food,28.5700423,77.2410573,2
fast_food,28.5899247,77.2195873,2
fast_food,28.5755451,77.2092905,2
fast_food,28.6451021,77.1696998,2
fast_food,28.5692288,77.220737,2
fast_food,28.6305945,77.220264,2
fast_food,28.6407857,77.213179,2
fast_food,28.6471993,77.2359366,2
fast_food,28.5686807,77.2443637,2
fast_food,28.6440465,77.2124248,2
fast_food,28.5708038,77.2399593,2
fast_food,28.5689024,77.188864,2
fast_food,28.6347974,77.2201885,2
fast_food,28.6288935,77.2187659,2
fast_food,28.6305923,77.2172927,2
fast_food,28.5816234,77.2206837,2
fast_food,28.578258,77.2387357,2
fast_food,28.5845777,77.2264117,2
fast_food,28.6302271,77.2202118,2
fast_food,28.6249306,77.23039,2
fast_food,28.6279832,77.2198697,2
fast_food,28.5827409,77.2526157,2
fast_food,28.6248527,77.2156648,2
fast_food,28.6249403,77.2156614,2
fast_food,28.6438875,77.2406405,2
fast_food,28.6348478,77.2194897,2
fast_food,28.6301065,77.2174139,2
fast_food,28.6455023,77.1690752,2
fast_food,28.566179,77.2329027,2
fast_food,28.570877,77.2389934,2
fast_food,28.6077887,77.2299971,2
fast_food,28.6563599,77.2401467,2
fast_food,28.6594311,77.2422113,2
fast_food,28.6433132,77.214524,2
fast_food,28.571436,77.2382812,2
fast_food,28.6487643,77.1910046,2
fast_food,28.6481265,77.1903707,2
fast_food,28.6504443,77.1923023,2
fast_food,28.6504097,77.1922798,2
fast_food,28.6465831,77.189438,2
fast_food,28.6341122,77.2209068,2
fast_food,28.6023974,77.2405965,2
fast_food,28.6006559,77.2257406,2
fast_food,28.6331974,77.2198123,2
fast_food,28.63318,77.2197729,2
fast_food,28.6331724,77.2196516,2
fast_food,28.6331663,77.2197446,2
fast_food,28.6331519,77.2197157,2
fast_food,28.6342866,77.2215574,2
fast_food,28.6335298,77.2220619,2
fast_food,28.6334888,77.2196554,2
fast_food,28.6323267,77.21918,2
fast_food,28.6324163,77.2190679,2
fast_food,28.6568301,77.2244423,2
fast_food,28.5697762,77.2380617,2
fast_food,28.5697954,77.237749,2
fast_food,28.6293136,77.220411,2
fast_food,28.5811477,77.2421618,2
fast_food,28.5812912,77.241878,2
fast_food,28.6431435,77.2214256,2
fast_food,28.6431932,77.2214202,2
fast_food,28.6430902,77.2214359,2
fast_food,28.6429353,77.2214586,2
fast_food,28.564025,77.2196882,2
fast_food,28.5694952,77.2393039,2
fast_food,28.5687188,77.2413418,2
fast_food,28.6444124,77.1882702,2
fast_food,28.6253125,77.2338358,2
fast_food,28.6332285,77.219734,2
fast_food,28.6333802,77.2194422,2
fast_food,28.6333849,77.219661,2
fast_food,28.633353,77.2196492,2
fast_food,28.6334612,77.219466,2
fast_food,28.633415,77.2196719,2
fast_food,28.6334041,77.219449,2
fast_food,28.6334328,77.2194567,2
fast_food,28.6333051,77.2196356,2
fast_food,28.6325951,77.2191445,2
fast_food,28.6324451,77.2194261,2
fast_food,28.6326411,77.2191628,2
fast_food,28.6325757,77.2193318,2
fast_food,28.6325182,77.2193042,2
fast_food,28.6327056,77.2191535,2
fast_food,28.6325862,77.2197653,2
fast_food,28.6325515,77.2193179,2
fast_food,28.6349668,77.2220253,2
fast_food,28.6448879,77.1930892,2
fast_food,28.6303945,77.2200943,2
fast_food,28.6302373,77.2218751,2
fast_food,28.6306564,77.221806,2
fast_food,28.6324593,77.2190911,2
fast_food,28.6296343,77.2323808,2
fast_food,28.5683747,77.2196408,2
fast_food,28.6293719,77.2319366,2
fast_food,28.569146,77.2438626,2
fast_food,28.6324882,77.2161512,2
fast_food,28.6391518,77.2084471,2
fast_food,28.6482341,77.2001091,2
fast_food,28.5884323,77.1686362,2
fast_food,28.588561,77.168842,2
fast_food,28.5878191,77.1683809,2
fast_food,28.5882233,77.1683218,2
fast_food,28.5876554,77.1696751,2
fast_food,28.5876245,77.168865,2
fast_food,28.5878558,77.1690366,2
fast_food,28.5870775,77.1703094,2
fast_food,28.58721,77.1705383,2
fast_food,28.587092,77.1706094,2
fast_food,28.5871285,77.1705926,2
fast_food,28.6455843,77.209833,2
fast_food,28.5931062,77.1646281,2
fast_food,28.5691787,77.2389307,2
fast_food,28.5696167,77.2393669,2
fast_food,28.5699825,77.2395368,2
fast_food,28.5894472,77.2525209,2
fast_food,28.626621,77.2328795,2
fast_food,28.6440102,77.2012615,2
fast_food,28.6330025,77.2226872,2
fast_food,28.5763116,77.1950031,2
fast_food,28.5764429,77.1950404,2
fast_food,28.5763677,77.1950447,2
fast_food,28.5764424,77.195001,2
fast_food,28.5682188,77.2216909,2
fast_food,28.6327701,77.2221893,2
fast_food,28.6465675,77.1877558,2
fast_food,28.6467732,77.1879984,2
fast_food,28.5895332,77.1690955,2
fast_food,28.6264316,77.2122984,2
fast_food,28.5692578,77.2428433,2
food_court,28.6297651,77.2224663,3
food_court,28.630164,77.2230255,3
ice_cream,28.6348833,77.2221046,4
ice_cream,28.6474152,77.2288691,4
ice_cream,28.6476472,77.2269058,4
ice_cream,28.5714856,77.2373191,4
ice_cream,28.6351241,77.2212339,4
ice_cream,28.6351364,77.2218513,4
ice_cream,28.5699324,77.2199272,4
ice_cream,28.6316576,77.2161886,4
ice_cream,28.6495788,77.1916033,4
ice_cream,28.6274773,77.2195781,4
ice_cream,28.6421293,77.1859843,4
ice_cream,28.6301157,77.2199015,4
ice_cream,28.607961,77.2296189,4
ice_cream,28.6079309,77.2296182,4
ice_cream,28.6346493,77.2218207,4
ice_cream,28.6350396,77.2219494,4
ice_cream,28.6349855,77.2220055,4
ice_cream,28.6347065,77.2222726,4
ice_cream,28.6296135,77.2324003,4
ice_cream,28.5885311,77.168857,4
ice_cream,28.5880117,77.1678041,4
ice_cream,28.587163,77.1690583,4
ice_cream,28.6343083,77.2221112,4
ice_cream,28.6454704,77.1888422,4
pub,28.6405551,77.2107627,5
pub,28.5876445,77.1671767,5
restaurant,28.5663466,77.2340571,6
restaurant,28.6407045,77.2105994,6
restaurant,28.635243,77.2196937,6
restaurant,28.6334431,77.2084285,6
restaurant,28.6253844,77.2181175,6
restaurant,28.5995254,77.226395,6
restaurant,28.6297269,77.2320267,6
restaurant,28.629465,77.2318985,6
restaurant,28.6409319,77.2137081,6
restaurant,28.641034,77.213836,6
restaurant,28.6169212,77.225998,6
restaurant,28.6494286,77.2337411,6
restaurant,28.6461911,77.2400153,6
restaurant,28.6323764,77.2172154,6
restaurant,28.589224,77.225738,6
restaurant,28.6306895,77.2160507,6
restaurant,28.6353527,77.220063,6
restaurant,28.6411417,77.2137445,6
restaurant,28.6337495,77.2230833,6
restaurant,28.6409844,77.2137687,6
restaurant,28.6414451,77.2132453,6
restaurant,28.6403009,77.2131013,6
restaurant,28.6025805,77.2409575,6
restaurant,28.6309879,77.2197896,6
restaurant,28.5734423,77.2062342,6
restaurant,28.6342635,77.2190699,6
restaurant,28.6352724,77.220127,6
restaurant,28.5996402,77.2262942,6
restaurant,28.6334275,77.2080471,6
restaurant,28.645305,77.1785622,6
restaurant,28.6410445,77.2105515,6
restaurant,28.6410923,77.2126799,6
restaurant,28.6337656,77.2213244,6
restaurant,28.6303156,77.2206535,6
restaurant,28.6411171,77.2144269,6
restaurant,28.6408661,77.2103053,6
restaurant,28.6303463,77.217545,6
restaurant,28.6298048,77.2204846,6
restaurant,28.6420621,77.2179887,6
restaurant,28.6005777,77.2273349,6
restaurant,28.6328293,77.2172007,6
restaurant,28.6412137,77.2147624,6
restaurant,28.6078499,77.2300673,6
restaurant,28.6452167,77.2110064,6
restaurant,28.6424044,77.2103819,6
restaurant,28.6021414,77.2279557,6
restaurant,28.6298227,77.2205834,6
restaurant,28.6018922,77.1936521,6
restaurant,28.6495389,77.2335887,6
restaurant,28.6482081,77.2336645,6
restaurant,28.6336538,77.2211826,6
restaurant,28.6423302,77.2182562,6
restaurant,28.642273,77.218265,6
restaurant,28.6424057,77.2182489,6
restaurant,28.6424536,77.2182429,6
restaurant,28.6321017,77.2077833,6
restaurant,28.6405446,77.217099,6
restaurant,28.6409944,77.2127435,6
restaurant,28.6299114,77.2172701,6
restaurant,28.6465886,77.1957658,6
restaurant,28.6411046,77.2135151,6
restaurant,28.6478146,77.2399952,6
restaurant,28.6418156,77.2126057,6
restaurant,28.6353146,77.2206088,6
restaurant,28.6333695,77.2212936,6
restaurant,28.630182,77.2204075,6
restaurant,28.6006451,77.2275063,6
restaurant,28.6409867,77.2108048,6
restaurant,28.6275145,77.2198691,6
restaurant,28.6307517,77.2205444,6
restaurant,28.6249108,77.2194157,6
restaurant,28.6078554,77.2296194,6
restaurant,28.6341541,77.218784,6
restaurant,28.6027056,77.1865603,6
restaurant,28.6579615,77.2233418,6
restaurant,28.6580128,77.2233194,6
restaurant,28.657558,77.2231804,6
restaurant,28.6005614,77.2273808,6
restaurant,28.5917587,77.2379033,6
restaurant,28.5641526,77.234189,6
restaurant,28.5640022,77.2341903,6
restaurant,28.6026965,77.2410926,6
restaurant,28.6353446,77.2203635,6
restaurant,28.5651736,77.1672697,6
restaurant,28.6411123,77.2136081,6
restaurant,28.5745561,77.229256,6
restaurant,28.6291804,77.219755,6
restaurant,28.6315666,77.2223238,6
restaurant,28.633169,77.2179864,6
restaurant,28.6339281,77.217254,6
restaurant,28.6337075,77.2169847,6
restaurant,28.6271703,77.2197132,6
restaurant,28.632007,77.2176823,6
restaurant,28.6578827,77.1888491,6
restaurant,28.6410202,77.2126034,6
restaurant,28.6407001,77.211572,6
restaurant,28.5676803,77.2472215,6
restaurant,28.5670801,77.2469115,6
restaurant,28.5674361,77.2466759,6
restaurant,28.6353515,77.2190315,6
restaurant,28.6323784,77.2213733,6
restaurant,28.6350577,77.2181263,6
restaurant,28.6344013,77.2214575,6
restaurant,28.6291307,77.2197582,6
restaurant,28.6298758,77.2210617,6
restaurant,28.627319,77.2326929,6
restaurant,28.6347294,77.2203803,6
restaurant,28.6325274,77.2223125,6
restaurant,28.6317221,77.22247,6
restaurant,28.6407442,77.211775,6
restaurant,28.6342714,77.2192315,6
restaurant,28.6342817,77.2190663,6
restaurant,28.5700511,77.2417581,6
restaurant,28.6409128,77.2136434,6
restaurant,28.5678415,77.1890504,6
restaurant,28.567241,77.1889413,6
restaurant,28.6305595,77.2212797,6
restaurant,28.634703,77.2205246,6
restaurant,28.643686,77.1882167,6
restaurant,28.6497142,77.2343609,6
restaurant,28.5877629,77.1674682,6
restaurant,28.5877769,77.1673736,6
restaurant,28.5846582,77.2231435,6
restaurant,28.6209452,77.2180853,6
restaurant,28.6022338,77.1861298,6
restaurant,28.6016675,77.186001,6
restaurant,28.6021801,77.1861058,6
restaurant,28.6016518,77.1861386,6
restaurant,28.5786205,77.2385021,6
restaurant,28.6491686,77.2267524,6
restaurant,28.6477274,77.1960745,6
restaurant,28.5689762,77.1848546,6
restaurant,28.5732664,77.2306604,6
restaurant,28.6344467,77.2220056,6
restaurant,28.6599133,77.2235649,6
restaurant,28.6345679,77.2219125,6
restaurant,28.6350184,77.2195254,6
restaurant,28.6345219,77.2225088,6
restaurant,28.6411587,77.2134007,6
restaurant,28.6287272,77.2229395,6
restaurant,28.6302728,77.1796827,6
restaurant,28.6310878,77.1828001,6
restaurant,28.6304108,77.2198181,6
restaurant,28.6303516,77.2207134,6
restaurant,28.6303321,77.2206386,6
restaurant,28.6303565,77.22068,6
restaurant,28.6303371,77.2206681,6
restaurant,28.6302128,77.2201334,6
restaurant,28.6303457,77.2208085,6
restaurant,28.6433841,77.1777613,6
restaurant,28.6421676,77.2373339,6
restaurant,28.5729599,77.2302558,6
restaurant,28.5732343,77.2306804,6
restaurant,28.6077855,77.2299247,6
restaurant,28.6077919,77.2297742,6
restaurant,28.6077837,77.2298805,6
restaurant,28.5737385,77.2299867,6
restaurant,28.5733288,77.2301396,6
restaurant,28.5731243,77.2302153,6
restaurant,28.6254773,77.2184377,6
restaurant,28.6009386,77.2272031,6
restaurant,28.6002956,77.2272837,6
restaurant,28.6323157,77.2226574,6
restaurant,28.6412498,77.2359617,6
restaurant,28.6346728,77.2180409,6
restaurant,28.6346501,77.2195319,6
restaurant,28.6336017,77.2221648,6
restaurant,28.6330893,77.2221821,6
restaurant,28.6349675,77.2201154,6
restaurant,28.6563053,77.224223,6
restaurant,28.6564638,77.2303234,6
restaurant,28.6567781,77.2242219,6
restaurant,28.6567782,77.2244765,6
restaurant,28.5840349,77.2267153,6
restaurant,28.6342696,77.2190501,6
restaurant,28.5847048,77.2238058,6
restaurant,28.5836613,77.2460571,6
restaurant,28.6429888,77.2214491,6
restaurant,28.6430383,77.2214437,6
restaurant,28.642164,77.2215364,6
restaurant,28.6331447,77.2179838,6
restaurant,28.5694739,77.2385975,6
restaurant,28.6321001,77.2213271,6
restaurant,28.6321251,77.2212883,6
restaurant,28.6315631,77.2162842,6
restaurant,28.6315236,77.2161783,6
restaurant,28.6000592,77.2261957,6
restaurant,28.6024732,77.2280844,6
restaurant,28.6025531,77.2281292,6
restaurant,28.6562798,77.2329761,6
restaurant,28.6410098,77.2104547,6
restaurant,28.6459236,77.215431,6
restaurant,28.6332625,77.2166944,6
restaurant,28.6516779,77.2327739,6
restaurant,28.5843006,77.1912731,6
restaurant,28.5842699,77.191336,6
restaurant,28.6289157,77.2197583,6
restaurant,28.6284596,77.2197378,6
restaurant,28.6390971,77.2085475,6
restaurant,28.6392155,77.2083548,6
restaurant,28.6481858,77.2001834,6
restaurant,28.5884383,77.1687482,6
restaurant,28.5886052,77.1690217,6
restaurant,28.5883016,77.1685409,6
restaurant,28.5887593,77.169349,6
restaurant,28.5884365,77.1686906,6
restaurant,28.587754,77.1673336,6
restaurant,28.5877126,77.1672986,6
restaurant,28.5879326,77.1676506,6
restaurant,28.5879227,77.1676561,6
restaurant,28.5880583,77.1678622,6
restaurant,28.5876755,77.1672039,6
restaurant,28.5881049,77.1683271,6
restaurant,28.5876693,77.1686234,6
restaurant,28.5880647,77.1679162,6
restaurant,28.5880774,77.168354,6
restaurant,28.5880853,77.1683903,6
restaurant,28.5878984,77.1684629,6
restaurant,28.5879312,77.1684346,6
restaurant,28.5879809,77.1684121,6
restaurant,28.587692,77.1684552,6
restaurant,28.587654,77.1684893,6
restaurant,28.5881502,77.1681711,6
restaurant,28.5876558,77.1689393,6
restaurant,28.5876392,77.1689042,6
restaurant,28.5875782,77.1687615,6
restaurant,28.5875653,77.1687263,6
restaurant,28.5653465,77.2398396,6
restaurant,28.5702867,77.2397201,6
restaurant,28.6296858,77.2260475,6
restaurant,28.6289688,77.2247681,6
restaurant,28.6260814,77.2330264,6
restaurant,28.6329669,77.2226585,6
restaurant,28.6329706,77.2226985,6
restaurant,28.633035,77.2226864,6
restaurant,28.5682868,77.2209969,6
restaurant,28.5761092,77.1950425,6
restaurant,28.644963,77.1897926,6
restaurant,28.6344804,77.2175301,6
restaurant,28.5846884,77.2234573,6
restaurant,28.6467726,77.1878823,6
restaurant,28.6469386,77.1879658,6
restaurant,28.6470426,77.1881214,6
restaurant,28.5684526,77.2455576,6
college,28.5778727,77.1845461,7
college,28.6384835,77.173365,7
college,28.5665107,77.2513052,7
college,28.5907293,77.2309735,7
college,28.5772735,77.1609638,7
kindergarten,28.5903058,77.2419,8
kindergarten,28.5803757,77.257053,8
kindergarten,28.5689757,77.1627474,8
kindergarten,28.6028862,77.2220107,8
language_school,28.5704608,77.2371259,9
language_school,28.5689101,77.2257334,9
language_school,28.5836421,77.2176258,9
library,28.6563835,77.2314822,10
library,28.6563695,77.2309239,10
library,28.5666919,77.2486547,10
library,28.566689,77.2485614,10
library,28.5844558,77.2248024,10
library,28.6295291,77.2337334,10
training,28.5882606,77.1685592,11
training,28.5650693,77.2485237,11
music_school,28.567241,77.2482732,12
music_school,28.5692469,77.2486371,12
music_school,28.5640924,77.2201443,12
school,28.5978094,77.1808404,13
school,28.573859,77.1842457,13
school,28.5697886,77.1783234,13
school,28.5712962,77.1781517,13
school,28.6016242,77.1686468,13
school,28.5968399,77.2253633,13
school,28.6535437,77.1658655,13
school,28.652348,77.1655973,13
school,28.6541792,77.1660801,13
school,28.6471225,77.1680059,13
school,28.6387283,77.1763691,13
school,28.6357621,77.1778604,13
school,28.6352772,77.1782466,13
school,28.6368309,77.1803119,13
school,28.6307618,77.1795502,13
school,28.6306394,77.1804675,13
school,28.6397954,77.1856155,13
school,28.6403133,77.1858677,13
school,28.6350118,77.2002755,13
school,28.6362148,77.2008393,13
school,28.5692131,77.2175752,13
school,28.6473887,77.169391,13
school,28.5760199,77.1652909,13
school,28.5743511,77.1727645,13
school,28.5721181,77.1638274,13
school,28.5730899,77.2335349,13
school,28.5722588,77.2359084,13
school,28.5866396,77.2523949,13
school,28.6327017,77.2303905,13
school,28.5768012,77.2397878,13
school,28.5695905,77.248199,13
school,28.6627534,77.2403662,13
school,28.633435,77.2008328,13
school,28.5806388,77.1899811,13
school,28.5762957,77.2391399,13
school,28.5947172,77.2477028,13
school,28.5872412,77.2165688,13
school,28.5870203,77.2516215,13
school,28.5871452,77.2514966,13
school,28.5872431,77.2511171,13
school,28.578312,77.2369986,13
school,28.5853022,77.2440823,13
school,28.662549,77.206525,13
school,28.6013333,77.1881167,13
school,28.5684003,77.2475193,13
bicycle_parking,28.5855109,77.1877136,14
fuel,28.5737882,77.2089741,15
fuel,28.6175988,77.2497911,15
fuel,28.6186155,77.2493074,15
fuel,28.5703117,77.1865562,15
fuel,28.568231,77.253059,15
fuel,28.5924259,77.2375948,15
fuel,28.6337158,77.2178321,15
fuel,28.5739842,77.2574979,15
fuel,28.602014,77.2371519,15
fuel,28.6288906,77.210219,15
fuel,28.6043402,77.2244859,15
fuel,28.5870134,77.2413569,15
fuel,28.5804633,77.1793308,15
fuel,28.6318815,77.2215358,15
fuel,28.5745515,77.2378394,15
fuel,28.624526,77.2188215,15
fuel,28.6264672,77.2199591,15
fuel,28.5913816,77.2120833,15
fuel,28.5843665,77.1721419,15
fuel,28.5869597,77.2121034,15
fuel,28.587331,77.1714396,15
fuel,28.5675278,77.1756357,15
fuel,28.6483622,77.213419,15
fuel,28.5776067,77.1746902,15
fuel,28.6415227,77.2258674,15
fuel,28.6378975,77.2413599,15
fuel,28.6425083,77.1764239,15
fuel,28.6346388,77.2212509,15
fuel,28.617889,77.2487546,15
fuel,28.5894992,77.2459159,15
fuel,28.657125,77.1960191,15
fuel,28.596205,77.2049622,15
fuel,28.5908405,77.1960832,15
fuel,28.5647065,77.1776294,15
fuel,28.5996071,77.1958058,15
fuel,28.6417754,77.2338061,15
fuel,28.5891733,77.2466782,15
fuel,28.6417761,77.2259725,15
fuel,28.6512729,77.2046862,15
fuel,28.5962658,77.204452,15
parking,28.59806,77.1809515,16
parking,28.6162015,77.2100168,16
parking,28.5710889,77.1845461,16
parking,28.5947727,77.1621077,16
taxi,28.5899699,77.215799,17
taxi,28.602535,77.186738,17
taxi,28.6021703,77.1871411,17
taxi,28.5658314,77.1666541,17
taxi,28.5747681,77.168121,17
taxi,28.5856787,77.2135638,17
taxi,28.6262475,77.2074638,17
taxi,28.5690541,77.164522,17
taxi,28.6247552,77.219051,17
atm,28.6458869,77.1723786,18
atm,28.6345525,77.2176037,18
atm,28.6272942,77.2195527,18
atm,28.6278063,77.2195823,18
atm,28.6286284,77.2197267,18
atm,28.6261056,77.2197715,18
atm,28.6413641,77.2152163,18
atm,28.6565694,77.2319328,18
atm,28.6565435,77.2319301,18
atm,28.6559387,77.2352453,18
atm,28.6412802,77.2147522,18
atm,28.6017433,77.2413799,18
atm,28.6012973,77.2408638,18
atm,28.6311221,77.2164451,18
atm,28.6565174,77.2246065,18
atm,28.5652278,77.1671988,18
atm,28.5650324,77.1672942,18
atm,28.5649944,77.1673028,18
atm,28.5651928,77.1674642,18
atm,28.6236459,77.2193948,18
atm,28.62898,77.2173598,18
atm,28.6325327,77.2179816,18
atm,28.6317679,77.2220318,18
atm,28.6329277,77.2173766,18
atm,28.6297028,77.2171284,18
atm,28.6343883,77.2183155,18
atm,28.6477737,77.1839471,18
atm,28.6499529,77.1832307,18
atm,28.6499265,77.1832978,18
atm,28.5684294,77.1870021,18
atm,28.5712997,77.1842925,18
atm,28.6352021,77.2184123,18
atm,28.6353937,77.2196262,18
atm,28.6352636,77.2186749,18
atm,28.6352382,77.218477,18
atm,28.6331482,77.2197969,18
atm,28.632874,77.2220034,18
atm,28.5649455,77.24678,18
atm,28.5686876,77.2443379,18
atm,28.6345008,77.219561,18
atm,28.6413467,77.2053065,18
atm,28.6248081,77.2193721,18
atm,28.570786,77.1634244,18
atm,28.6348369,77.219416,18
atm,28.6315991,77.2230533,18
atm,28.5896634,77.2190663,18
atm,28.6008973,77.2264443,18
atm,28.5841013,77.2437489,18
atm,28.5831576,77.2444791,18
atm,28.6326523,77.2219806,18
atm,28.6583791,77.2033814,18
atm,28.6429636,77.2217381,18
atm,28.642959,77.221716,18
atm,28.6429654,77.2217571,18
bank,28.64725,77.194235,19
bank,28.57316,77.2584634,19
bank,28.6563806,77.234434,19
bank,28.6168699,77.225769,19
bank,28.6563624,77.2310003,19
bank,28.656061,77.2329064,19
bank,28.6562423,77.2348625,19
bank,28.6563318,77.2330386,19
bank,28.601773,77.2413829,19
bank,28.6319496,77.2217935,19
bank,28.6322316,77.2223143,19
bank,28.6316411,77.2215631,19
bank,28.6223326,77.2361501,19
bank,28.6266262,77.2145324,19
bank,28.5786627,77.1648102,19
bank,28.5801467,77.1645356,19
bank,28.6296084,77.2241064,19
bank,28.6291812,77.2248562,19
bank,28.6296576,77.2239758,19
bank,28.6298916,77.2237716,19
bank,28.630268,77.2232644,19
bank,28.6305309,77.222709,19
bank,28.6293464,77.2239496,19
bank,28.6019799,77.189294,19
bank,28.6038119,77.1849985,19
bank,28.5828891,77.1632054,19
bank,28.6225443,77.2360014,19
bank,28.5705121,77.2368766,19
bank,28.570565,77.2367354,19
bank,28.5717636,77.2373866,19
bank,28.5714609,77.2375931,19
bank,28.5752151,77.2295991,19
bank,28.6312513,77.2218705,19
bank,28.6314468,77.2205311,19
bank,28.6289357,77.2174179,19
bank,28.5645258,77.2408202,19
bank,28.5645188,77.2407129,19
bank,28.5674837,77.1591119,19
bank,28.5651309,77.2489725,19
bank,28.5651242,77.2488717,19
bank,28.632967,77.2179001,19
bank,28.632608,77.2179719,19
bank,28.6317429,77.222079,19
bank,28.5730786,77.2380576,19
bank,28.5682201,77.247038,19
bank,28.6336342,77.2169575,19
bank,28.6326368,77.2167019,19
bank,28.6298283,77.213752,19
bank,28.5773944,77.1742996,19
bank,28.6297605,77.217177,19
bank,28.5670536,77.233944,19
bank,28.5681417,77.2470469,19
bank,28.6442725,77.2006899,19
bank,28.6440948,77.2010082,19
bank,28.5678931,77.24731,19
bank,28.5678156,77.2464153,19
bank,28.6351302,77.2210229,19
bank,28.5922707,77.2222351,19
bank,28.5678322,77.2463727,19
bank,28.5677989,77.246465,19
bank,28.637461,77.1814651,19
bank,28.6293059,77.2319758,19
bank,28.5649509,77.2468083,19
bank,28.6198985,77.2106056,19
bank,28.5662032,77.2307872,19
bank,28.622931,77.2119161,19
bank,28.6345172,77.2195629,19
bank,28.5699781,77.2381686,19
bank,28.5692311,77.244004,19
bank,28.5674172,77.1882654,19
bank,28.6473546,77.1879785,19
bank,28.6539198,77.191078,19
bank,28.6522781,77.1918029,19
bank,28.5705502,77.2270818,19
bank,28.568353,77.247529,19
bank,28.5688113,77.2478166,19
bank,28.6015923,77.1868853,19
bank,28.6348608,77.2186893,19
bank,28.6302163,77.2415659,19
bank,28.6412335,77.2144015,19
bank,28.596518,77.1769969,19
bank,28.6295032,77.2221292,19
bank,28.6244261,77.2197964,19
bank,28.6241327,77.2139025,19
bank,28.6243135,77.2301541,19
bank,28.6274298,77.2198655,19
bank,28.6282217,77.2198897,19
bank,28.6349683,77.2190751,19
bank,28.6430476,77.2407235,19
bank,28.6630786,77.232378,19
bank,28.6638459,77.2316323,19
bank,28.6441723,77.2406365,19
bank,28.6459957,77.2405293,19
bank,28.6348361,77.2194004,19
bank,28.6316309,77.2230707,19
bank,28.629755,77.220236,19
bank,28.6303447,77.2220792,19
bank,28.6564863,77.224811,19
bank,28.6566813,77.2251553,19
bank,28.6568022,77.2236461,19
bank,28.5661983,77.2326048,19
bank,28.5661974,77.2327215,19
bank,28.5662111,77.2324505,19
bank,28.6313034,77.1980381,19
bank,28.6322114,77.2225531,19
bank,28.5720919,77.2375139,19
bank,28.5712465,77.238772,19
bank,28.6002254,77.2274818,19
bank,28.5847422,77.2476127,19
bank,28.6325263,77.2222745,19
bank,28.6563989,77.2265968,19
bank,28.6568737,77.224514,19
bank,28.6568061,77.2238005,19
bank,28.6568221,77.2238605,19
bank,28.6567912,77.2250193,19
bank,28.6564251,77.2257507,19
bank,28.6299855,77.2260606,19
bank,28.5840892,77.2437777,19
bank,28.5831632,77.2444573,19
bank,28.5843349,77.2430943,19
bank,28.5840688,77.2431217,19
bank,28.6006831,77.2276217,19
bank,28.6317223,77.216345,19
bank,28.6445453,77.1904718,19
bank,28.6441476,77.1712831,19
bank,28.6336824,77.2169663,19
bank,28.6349355,77.2189047,19
bank,28.6346813,77.2183109,19
bank,28.6329073,77.216686,19
bank,28.6327615,77.2166213,19
bank,28.645968,77.196814,19
bank,28.6286352,77.2197381,19
bank,28.6328496,77.2227651,19
bank,28.6327451,77.2227537,19
bank,28.6444389,77.2004624,19
bank,28.586802,77.1691626,19
bank,28.6575262,77.2033099,19
bank,28.6459492,77.209867,19
bank,28.6300407,77.2254919,19
bank,28.6299332,77.2258282,19
bank,28.6290813,77.2249334,19
bank,28.6290137,77.2252225,19
bank,28.6288659,77.2256733,19
bank,28.6291263,77.2249525,19
bank,28.568094,77.2258103,19
bank,28.5683733,77.2174909,19
bank,28.645047,77.2012362,19
bank,28.6439521,77.2013826,19
bank,28.64426,77.2014351,19
bank,28.63814,77.2109771,19
bank,28.6339108,77.2215847,19
bank,28.6325936,77.2167018,19
bank,28.6325537,77.216701,19
bank,28.6324968,77.2167179,19
bank,28.6324472,77.2167369,19
bank,28.6329143,77.2221806,19
bank,28.6474998,77.1923348,19
bank,28.6476251,77.1921758,19
bank,28.6475785,77.1921406,19
bank,28.6474358,77.192031,19
bank,28.6474774,77.1920662,19
bank,28.6458277,77.1920817,19
bank,28.5814829,77.2427347,19
bank,28.5814829,77.2427347,19
bank,28.5685852,77.2476224,19
bank,28.5682951,77.2470844,19
bank,28.5680466,77.246961,19
bank,28.5680466,77.246961,19
bank,28.5679561,77.2473418,19
bank,28.5684558,77.2471542,19
money_transfer,28.6296448,77.2243993,20
money_transfer,28.6414981,77.2167598,20
money_transfer,28.6022363,77.1870641,20
clinic,28.6454365,77.2251207,21
clinic,28.6467122,77.212921,21
clinic,28.6208562,77.2004083,21
clinic,28.5715124,77.1671368,21
clinic,28.5751776,77.1906756,21
clinic,28.6001742,77.230795,21
clinic,28.6039009,77.1952236,21
clinic,28.633024,77.2111811,21
clinic,28.5758536,77.1913276,21
clinic,28.5809522,77.2249977,21
clinic,28.5859822,77.1962103,21
clinic,28.6033779,77.189242,21
clinic,28.6092512,77.1998329,21
clinic,28.6295482,77.234083,21
clinic,28.5735641,77.2174125,21
clinic,28.5756033,77.1876419,21
clinic,28.5822643,77.2198427,21
clinic,28.595138,77.1773,21
clinic,28.6457952,77.159466,21
clinic,28.603382,77.2279162,21
clinic,28.6090129,77.2360929,21
clinic,28.6626656,77.1624984,21
clinic,28.622596,77.1994817,21
clinic,28.6364792,77.1634061,21
clinic,28.5733539,77.1760096,21
clinic,28.5754186,77.2051091,21
clinic,28.5817248,77.168648,21
clinic,28.5843695,77.177838,21
clinic,28.6227119,77.2227032,21
clinic,28.6288565,77.2001398,21
clinic,28.5652408,77.1735025,21
clinic,28.575289,77.200555,21
clinic,28.6002912,77.2306526,21
clinic,28.6055299,77.2346183,21
clinic,28.6520034,77.1855285,21
clinic,28.6447506,77.2351031,21
clinic,28.6545609,77.2255581,21
clinic,28.6543709,77.1835213,21
clinic,28.650165,77.21111,21
clinic,28.644386,77.189502,21
clinic,28.6357855,77.1841395,21
clinic,28.6427947,77.2098113,21
clinic,28.6486581,77.1860862,21
clinic,28.642259,77.2084424,21
clinic,28.660396,77.18014,21
clinic,28.5718287,77.2527073,21
clinic,28.588109,77.255874,21
clinic,28.6376486,77.1778655,21
clinic,28.6432419,77.2424546,21
clinic,28.6458317,77.1784997,21
clinic,28.649289,77.199157,21
clinic,28.5652971,77.2405555,21
clinic,28.5673384,77.216987,21
clinic,28.5878707,77.168874,21
clinic,28.5689114,77.2480083,21
clinic,28.5680466,77.246961,21
dentist,28.6426317,77.2126592,22
dentist,28.565899,77.1909467,22
dentist,28.5773235,77.2390168,22
dentist,28.5675911,77.2480073,22
dentist,28.5653711,77.2391091,22
dentist,28.6449856,77.2021219,22
dentist,28.5775886,77.1950195,22
doctors,28.6292249,77.2322767,23
doctors,28.6293653,77.2319405,23
doctors,28.5881105,77.1687372,23
doctors,28.5688158,77.1991063,23
doctors,28.5701242,77.2396269,23
doctors,28.5722116,77.24167,23
doctors,28.5666637,77.246144,23
doctors,28.5684908,77.2471857,23
doctors,28.5679532,77.2468901,23
hospital,28.6416777,77.2052683,24
hospital,28.5647144,77.1893283,24
hospital,28.6491348,77.2164415,24
hospital,28.5703187,77.2369366,24
hospital,28.643492,77.187296,24
hospital,28.5667966,77.2088857,24
hospital,28.5663672,77.207556,24
hospital,28.6439995,77.1912841,24
hospital,28.5656044,77.2442543,24
hospital,28.5645418,77.2399229,24
hospital,28.5660178,77.1946519,24
hospital,28.5647231,77.2437868,24
hospital,28.567441,77.2096335,24
hospital,28.5862718,77.1684265,24
hospital,28.5685701,77.2064068,24
hospital,28.5739982,77.1773627,24
hospital,28.6357652,77.2110664,24
hospital,28.5681531,77.2054264,24
hospital,28.6371532,77.236999,24
hospital,28.5853147,77.1770243,24
hospital,28.6365867,77.2173905,24
hospital,28.634138,77.212909,24
hospital,28.6472649,77.2308534,24
hospital,28.6495013,77.2098206,24
hospital,28.649831,77.2359282,24
hospital,28.5686672,77.2067292,24
hospital,28.629808,77.2387009,24
hospital,28.6529654,77.1994853,24
hospital,28.6579998,77.1943948,24
hospital,28.6431266,77.1906871,24
hospital,28.6435226,77.2424612,24
hospital,28.6494565,77.209831,24
hospital,28.656252,77.195998,24
hospital,28.6424432,77.2427645,24
hospital,28.6598583,77.2157522,24
hospital,28.5706874,77.2199599,24
hospital,28.5672773,77.2473565,24
hospital,28.577053,77.226043,24
hospital,28.646316,77.165748,24
hospital,28.6443841,77.2385497,24
hospital,28.6418873,77.2450734,24
hospital,28.6583838,77.1936638,24
hospital,28.5773794,77.1774582,24
hospital,28.566466,77.198976,24
hospital,28.6412816,77.2429413,24
hospital,28.643625,77.188255,24
hospital,28.6437984,77.2381596,24
hospital,28.66261,77.1624729,24
hospital,28.6311711,77.2170294,24
hospital,28.6267808,77.2182706,24
hospital,28.6337619,77.1700493,24
hospital,28.5697622,77.2267424,24
hospital,28.6267693,77.2092035,24
hospital,28.5653248,77.2420254,24
hospital,28.6420044,77.2042941,24
nursing_home,28.5878402,77.2515367,25
pharmacy,28.6467075,77.2129328,26
pharmacy,28.6467013,77.2132438,26
pharmacy,28.6023889,77.1868863,26
pharmacy,28.6023768,77.1869003,26
pharmacy,28.5659914,77.1765755,26
pharmacy,28.6337914,77.217038,26
pharmacy,28.6338871,77.2173285,26
pharmacy,28.6338668,77.2173585,26
pharmacy,28.5880799,77.1687667,26
pharmacy,28.5752251,77.2415558,26
pharmacy,28.5679314,77.2473791,26
pharmacy,28.567774,77.2472784,26
pharmacy,28.5680128,77.2459237,26
pharmacy,28.566497,77.2484873,26
pharmacy,28.5691403,77.2376172,26
pharmacy,28.5896915,77.2525296,26
pharmacy,28.5895222,77.2525243,26
pharmacy,28.6002519,77.2270265,26
pharmacy,28.600626,77.2271952,26
pharmacy,28.6001324,77.2274321,26
pharmacy,28.5916336,77.2434618,26
pharmacy,28.582994,77.2450769,26
pharmacy,28.5829724,77.2449404,26
pharmacy,28.5828995,77.2448449,26
pharmacy,28.5875719,77.1689867,26
pharmacy,28.6377937,77.2114515,26
pharmacy,28.6337258,77.2085135,26
pharmacy,28.6478782,77.1886384,26
pharmacy,28.6480158,77.1887282,26
pharmacy,28.5685642,77.245554,26
veterinary,28.6554584,77.2360764,27
veterinary,28.5784813,77.1651434,27
veterinary,28.5824205,77.1834899,27
arts_centre,28.6298829,77.2158822,28
arts_centre,28.6392225,77.2452524,28
arts_centre,28.6467991,77.1596549,28
arts_centre,28.6314464,77.2049627,28
cinema,28.6350924,77.2196937,29
cinema,28.641256,77.2360463,29
cinema,28.6411555,77.2108258,29
cinema,28.5726765,77.1733639,29
cinema,28.6594215,77.190059,29
cinema,28.6309944,77.2163377,29
cinema,28.584378,77.1910554,29
cinema,28.5676983,77.2410235,29
cinema,28.6343154,77.221088,29
cinema,28.5812001,77.2420522,29
community_centre,28.572508,77.1993749,30
community_centre,28.5704357,77.1965682,30
community_centre,28.6357899,77.2151512,30
community_centre,28.6254293,77.2146906,30
community_centre,28.5900741,77.2527857,30
conference_centre,28.6268551,77.1612005,31
fountain,28.612833,77.2310481,32
nightclub,28.6504541,77.2206601,33
nightclub,28.6313526,77.2271001,33
nightclub,28.5966575,77.1960599,33
studio,28.5690042,77.2481498,34
theatre,28.5831328,77.1896241,35
theatre,28.6259776,77.2032745,35
theatre,28.6300536,77.2172723,35
theatre,28.6243192,77.2344502,35
theatre,28.6311731,77.204936,35
theatre,28.5890626,77.2252522,35
theatre,28.5890358,77.2252913,35
theatre,28.5640738,77.2201259,35
courthouse,28.6080709,77.2357617,36
courthouse,28.6605496,77.2294324,36
fire_station,28.5685669,77.1843122,37
fire_station,28.602644,77.1903646,37
fire_station,28.5863038,77.2131096,37
police,28.6478735,77.180705,38
police,28.634698,77.1826937,38
police,28.6349617,77.1837505,38
police,28.6558358,77.2190161,38
police,28.6585978,77.2310844,38
police,28.6524641,77.2337052,38
police,28.6559206,77.2347384,38
police,28.5820097,77.195299,38
police,28.5879796,77.2536138,38
police,28.652398,77.1930248,38
police,28.6437003,77.2189266,38
police,28.6603874,77.2293263,38
police,28.6003274,77.2262488,38
police,28.6141383,77.2094455,38
police,28.6138782,77.2095121,38
police,28.6153345,77.2093428,38
police,28.616791,77.2119024,38
police,28.6182909,77.2092642,38
police,28.6185156,77.2088448,38
police,28.6189133,77.208869,38
police,28.6176525,77.1985707,38
police,28.617356,77.2020072,38
police,28.6452469,77.2188823,38
police,28.6308823,77.2253541,38
police,28.6274655,77.232869,38
police,28.6012604,77.2273752,38
police,28.5758546,77.1973707,38
police,28.5757026,77.195241,38
police,28.6316262,77.219012,38
police,28.6420284,77.2182954,38
post_box,28.5744997,77.1872498,39
post_office,28.5895467,77.219296,40
post_office,28.6398522,77.2130306,40
post_office,28.5808948,77.1726168,40
post_office,28.6225106,77.2128841,40
post_office,28.5679304,77.1594144,40
post_office,28.5684939,77.1890877,40
post_office,28.6401359,77.2130761,40
post_office,28.5878238,77.1685104,40
post_office,28.6445726,77.200248,40
drinking_water,28.6434,77.2192801,41
drinking_water,28.6282709,77.2064206,41
drinking_water,28.65166,77.2347281,41
drinking_water,28.6390079,77.2456619,41
drinking_water,28.6402763,77.2510218,41
drinking_water,28.5915672,77.220445,41
drinking_water,28.6323521,77.2190973,41
drinking_water,28.656534,77.2281727,41
shelter,28.6282054,77.245021,42
shelter,28.6282118,77.2451545,42
shelter,28.5651182,77.2396466,42
shelter,28.5651042,77.2397903,42
shelter,28.5647732,77.239687,42
shelter,28.5647473,77.2398788,42
telephone,28.6023212,77.1869652,43
toilets,28.6266017,77.2333412,44
toilets,28.6521926,77.2426343,44
toilets,28.6422347,77.2234684,44
toilets,28.6590947,77.228276,44
toilets,28.5782637,77.1897032,44
toilets,28.6458338,77.2085439,44
toilets,28.5921611,77.1623218,44
toilets,28.5887901,77.2571086,44
toilets,28.6424334,77.2228478,44
toilets,28.6435802,77.1885162,44
crematorium,28.5889464,77.2408863,45
grave_yard,28.6403435,77.2446605,46
internet_cafe,28.6381965,77.2107523,47
internet_cafe,28.6469772,77.1880174,47
marketplace,28.6573574,77.2359806,48
marketplace,28.6379089,77.1807881,48
marketplace,28.5689166,77.2421596,48
marketplace,28.5689873,77.2408267,48
marketplace,28.6572038,77.2228524,48
place_of_worship,28.6537629,77.2056378,49
place_of_worship,28.6504594,77.2396485,49
place_of_worship,28.6626518,77.2424315,49
place_of_worship,28.5773239,77.2026242,49
place_of_worship,28.6077134,77.1808184,49
place_of_worship,28.6361213,77.1836935,49
place_of_worship,28.586024,77.1712306,49
place_of_worship,28.5658169,77.2479782,49
place_of_worship,28.5947837,77.2525408,49
place_of_worship,28.639534,77.2097862,49
place_of_worship,28.6463013,77.2153689,49
place_of_worship,28.6327513,77.1989712,49
place_of_worship,28.6359878,77.2250742,49
place_of_worship,28.5818399,77.1983395,49
place_of_worship,28.5713909,77.1993122,49
place_of_worship,28.6405645,77.2116448,49
place_of_worship,28.6558115,77.2356623,49
place_of_worship,28.6449129,77.1977647,49
place_of_worship,28.6303505,77.2150219,49
place_of_worship,28.6337722,77.216499,49
place_of_worship,28.5917254,77.2433836,49
place_of_worship,28.564685,77.239101,49
place_of_worship,28.6551074,77.2309146,49
place_of_worship,28.5656809,77.2244304,49
place_of_worship,28.5753478,77.2291371,49
place_of_worship,28.6498482,77.2002456,49
place_of_worship,28.6281206,77.2128732,49
place_of_worship,28.6491995,77.1846567,49
place_of_worship,28.567162,77.2401753,49
place_of_worship,28.6528915,77.192125,49
place_of_worship,28.6259543,77.2326032,49
place_of_worship,28.5668103,77.2487837,49
place_of_worship,28.5956054,77.2407239,49
place_of_worship,28.5732231,77.2445457,49
place_of_worship,28.5728705,77.2434369,49
place_of_worship,28.5735096,77.2405364,49
place_of_worship,28.6260798,77.215349,49
place_of_worship,28.5922696,77.2417175,49
place_of_worship,28.6337969,77.2183681,49
place_of_worship,28.6337417,77.2162906,49
place_of_worship,28.6291093,77.2048696,49
place_of_worship,28.5772838,77.1743602,49
place_of_worship,28.6491472,77.2041529,49
place_of_worship,28.6455366,77.2313735,49
place_of_worship,28.6449544,77.2320731,49
place_of_worship,28.6459121,77.2324827,49
place_of_worship,28.6488977,77.2323795,49
place_of_worship,28.6494137,77.2322166,49
place_of_worship,28.6470106,77.2380032,49
place_of_worship,28.646861,77.239701,49
place_of_worship,28.5862597,77.2495252,49
place_of_worship,28.5857239,77.2497278,49
place_of_worship,28.5821485,77.2468068,49
place_of_worship,28.5802121,77.2454367,49
place_of_worship,28.5858069,77.2434717,49
place_of_worship,28.6423129,77.1923077,49
place_of_worship,28.6414974,77.2403946,49
place_of_worship,28.5885885,77.2532872,49
place_of_worship,28.6395552,77.2035058,49
place_of_worship,28.5727447,77.2321657,49
place_of_worship,28.5730504,77.2323475,49
place_of_worship,28.5898539,77.2524156,49
place_of_worship,28.6462826,77.2242535,49
place_of_worship,28.6461658,77.222939,49
place_of_worship,28.6579312,77.236635,49
place_of_worship,28.6186329,77.2099133,49
place_of_worship,28.5859703,77.2480454,49
place_of_worship,28.6505059,77.2211136,49
place_of_worship,28.6508835,77.2208886,49
place_of_worship,28.6412878,77.2146318,49
place_of_worship,28.6393851,77.212892,49
place_of_worship,28.6332604,77.2060741,49
place_of_worship,28.6011353,77.227067,49
place_of_worship,28.6023804,77.2533994,49
place_of_worship,28.5713132,77.2386276,49
place_of_worship,28.6447618,77.199696,49
place_of_worship,28.6466793,77.1926872,49
place_of_worship,28.6259209,77.2112242,49
place_of_worship,28.5683851,77.2475123,49
public_bath,28.6422819,77.2234166,50
public_bath,28.6424339,77.2228736,50
public_building,28.5904163,77.2308121,51
